"url","post_id","user_url","user_username_raw","content","date_posted","hashtags","num_comments","num_shares","num_likes_type","page_name","profile_id","page_intro","page_category","page_logo","page_external_website","page_likes","page_followers","page_is_verified","original_post","attachments","other_posts_url","post_external_link","post_external_title","post_external_image","page_url","header_image","avatar_image_url","profile_handle","has_handshake","is_sponsored","sponsor_name","shortcode","video_view_count","likes","days_range","num_of_posts","post_image","posts_to_not_include","until_date","from_date","post_type","following","start_date","end_date","link_description_text","count_reactions_type","is_page","include_profile_data","page_phone","page_email","page_creation_time","page_reviews_score","page_reviewers_amount","page_price_range","timestamp","input","error","error_code","warning","warning_code"
"https://www.facebook.com/thongtinchinhphu/posts/pfbid02LFS3tuwQTDecFFToXhaHqF5CXLrTCJuEKPuhuoBoisio8Ezx4tZ6zVjBKJSDCyNol","928519482646166","https://www.facebook.com/thongtinchinhphu","Th√¥ng tin Ch√≠nh ph·ªß","üõë ƒê·ªíNG B√ÄO 17 T·ªàNH, TH√ÄNH PH·ªê CH√ö √ù!
üî•‚ö†Ô∏è SO V·ªöI BAN S√ÅNG, DANH S√ÅCH ƒê√É C·∫¨P NH·∫¨T TH√äM 2 T·ªàNH, TH√ÄNH!","2024-07-30T16:45:04.000Z",,1,516,"{""type"":""Like"",""num"":5692}","Th√¥ng tin Ch√≠nh ph·ªß","100064643681682","C·∫≠p nh·∫≠t t·ªõi ƒë·ªìng b√†o v·ªÅ ho·∫°t ƒë·ªông, ch·ªâ ƒë·∫°o ƒëi·ªÅu h√†nh c·ªßa Ch√≠nh ph·ªß, Th·ªß t∆∞·ªõng Ch√≠nh ph·ªß v√† c√°c th√¥ng tin quan tr·ªçng kh√°c","Government organization","https://scontent.fgua5-1.fna.fbcdn.net/v/t39.30808-1/452958737_925975866233861_1316250170357088183_n.jpg?stp=dst-jpg_s200x200_tt6&_nc_cat=1&ccb=1-7&_nc_sid=2d3e12&_nc_ohc=3Fz2WR_ktWkQ7kNvgEAZLos&_nc_oc=Adio9h31DsdtK9wkHxxmf4PbgR4z7ObtQN44vkRCq9SlbIFgmTl2nzGHE8RVy062LCo&_nc_zt=24&_nc_ht=scontent.fgua5-1.fna&_nc_gid=AIX20DVFLWQX2wklzlV4loy&oh=00_AYFV-tQQFhzMhakUGH_m7Ev4gNwED5-QOJKbvy2RPr-txQ&oe=67D36686",,,6200000,false,,"[{""id"":""928519409312840"",""type"":""Photo"",""url"":""https://scontent.fgua5-1.fna.fbcdn.net/v/t39.30808-6/453453093_928519405979507_3902349129450771949_n.jpg?stp=dst-jpg_s640x640_tt6&_nc_cat=105&ccb=1-7&_nc_sid=127cfc&_nc_ohc=AVOteYPKJSAQ7kNvgEd3Lc8&_nc_oc=AdgpR2WfPGFYwKpgDASKgKgsdj7oS3Ss1sLADKALydX3JqsJTb6tu_ipI08PIjsBSoA&_nc_zt=23&_nc_ht=scontent.fgua5-1.fna&_nc_gid=AKUgVdKqtDXSi3_LBEg9c6S&oh=00_AYHvnZMjOuv-YTT3UEix2dSTdMdDx-K8n_rG0acjlz_SSg&oe=67D36CDF"",""video_url"":null}]",,,,,"https://www.facebook.com/thongtinchinhphu","https://scontent.fgua5-1.fna.fbcdn.net/v/t39.30808-6/459177468_957930123038435_2430169465116552305_n.jpg?stp=dst-jpg_s960x960_tt6&_nc_cat=111&ccb=1-7&_nc_sid=cc71e4&_nc_ohc=t51uFdKKVqQQ7kNvgHpCUAo&_nc_oc=Adh0JdmNxzpO9ZTT_TeEJgEJeuLWBFA2_zvE-I7ttmyRESJDoMW_BzfUh_XmzwBUcrE&_nc_zt=23&_nc_ht=scontent.fgua5-1.fna&_nc_gid=AIX20DVFLWQX2wklzlV4loy&oh=00_AYEGqKfJ0L2dZVMO5p5NTDaDAmJGNG39dLgNfyP8Ih2NeA&oe=67D349B7","https://scontent.fgua5-1.fna.fbcdn.net/v/t39.30808-1/452958737_925975866233861_1316250170357088183_n.jpg?stp=dst-jpg_s200x200_tt6&_nc_cat=1&ccb=1-7&_nc_sid=2d3e12&_nc_ohc=3Fz2WR_ktWkQ7kNvgEAZLos&_nc_oc=Adio9h31DsdtK9wkHxxmf4PbgR4z7ObtQN44vkRCq9SlbIFgmTl2nzGHE8RVy062LCo&_nc_zt=24&_nc_ht=scontent.fgua5-1.fna&_nc_gid=AIX20DVFLWQX2wklzlV4loy&oh=00_AYFV-tQQFhzMhakUGH_m7Ev4gNwED5-QOJKbvy2RPr-txQ&oe=67D36686","thongtinchinhphu",,false,,"928519482646166",,7012,,,"https://scontent.fgua5-1.fna.fbcdn.net/v/t39.30808-6/453453093_928519405979507_3902349129450771949_n.jpg?stp=dst-jpg_s640x640_tt6&_nc_cat=105&ccb=1-7&_nc_sid=127cfc&_nc_ohc=AVOteYPKJSAQ7kNvgEd3Lc8&_nc_oc=AdgpR2WfPGFYwKpgDASKgKgsdj7oS3Ss1sLADKALydX3JqsJTb6tu_ipI08PIjsBSoA&_nc_zt=23&_nc_ht=scontent.fgua5-1.fna&_nc_gid=AKUgVdKqtDXSi3_LBEg9c6S&oh=00_AYHvnZMjOuv-YTT3UEix2dSTdMdDx-K8n_rG0acjlz_SSg&oe=67D36CDF",,,,"Post",,,,,"[{""type"":""Like"",""reaction_count"":5692},{""type"":""Sad"",""reaction_count"":1161},{""type"":""Love"",""reaction_count"":90},{""type"":""Care"",""reaction_count"":47},{""type"":""Wow"",""reaction_count"":19},{""type"":""Haha"",""reaction_count"":2},{""type"":""Angry"",""reaction_count"":1}]",true,,,,"2015-10-01T00:00:00.000Z",,,,"2025-03-09T12:08:26.207Z","{""url"":""https://www.facebook.com/thongtinchinhphu"",""num_of_posts"":500,""end_date"":""09-30-2024"",""start_date"":""""}",,,,
"https://www.facebook.com/thongtinchinhphu/posts/pfbid0zSDS5UW74FWyRMQf5Bfbi2Hn5Ud2Zs2r8w2VW1PYYECYUte5qFbw1Qw82JpuM29al","929199182578196","https://www.facebook.com/thongtinchinhphu","Th√¥ng tin Ch√≠nh ph·ªß","üë•
Th√≠ sinh ·ª©ng tuy·ªÉn c√¥ng ch·ª©c B·ªô Lƒê-TB&XH cao g·∫ßn g·∫•p 8 l·∫ßn ch·ªâ ti√™u (c·∫ßn tuy·ªÉn 41, tuy nhi√™n s·ªë ng∆∞·ªùi ƒë·ªß ti√™u chu·∫©n d·ª± thi l√† 315).

Tr∆∞·ªõc ƒë√≥, Th√¥ng tin Ch√≠nh ph·ªß ƒë√£ ƒëƒÉng tin tuy·ªÉn d·ª•ng cho B·ªô Lƒê-TB&XH l√™n c·∫£ n·ªÅn t·∫£ng Facebook v√† Zalo!","2024-07-31T17:46:30.000Z",,1,8,"{""type"":""Like"",""num"":1019}","Th√¥ng tin Ch√≠nh ph·ªß","100064643681682","C·∫≠p nh·∫≠t t·ªõi ƒë·ªìng b√†o v·ªÅ ho·∫°t ƒë·ªông, ch·ªâ ƒë·∫°o ƒëi·ªÅu h√†nh c·ªßa Ch√≠nh ph·ªß, Th·ªß t∆∞·ªõng Ch√≠nh ph·ªß v√† c√°c th√¥ng tin quan tr·ªçng kh√°c","Government organization","https://scontent.fgua5-1.fna.fbcdn.net/v/t39.30808-1/452958737_925975866233861_1316250170357088183_n.jpg?stp=dst-jpg_s200x200_tt6&_nc_cat=1&ccb=1-7&_nc_sid=2d3e12&_nc_ohc=3Fz2WR_ktWkQ7kNvgEAZLos&_nc_oc=Adio9h31DsdtK9wkHxxmf4PbgR4z7ObtQN44vkRCq9SlbIFgmTl2nzGHE8RVy062LCo&_nc_zt=24&_nc_ht=scontent.fgua5-1.fna&_nc_gid=AIX20DVFLWQX2wklzlV4loy&oh=00_AYFV-tQQFhzMhakUGH_m7Ev4gNwED5-QOJKbvy2RPr-txQ&oe=67D36686",,,6200000,false,,,,,,,"https://www.facebook.com/thongtinchinhphu","https://scontent.fgua5-1.fna.fbcdn.net/v/t39.30808-6/459177468_957930123038435_2430169465116552305_n.jpg?stp=dst-jpg_s960x960_tt6&_nc_cat=111&ccb=1-7&_nc_sid=cc71e4&_nc_ohc=t51uFdKKVqQQ7kNvgHpCUAo&_nc_oc=Adh0JdmNxzpO9ZTT_TeEJgEJeuLWBFA2_zvE-I7ttmyRESJDoMW_BzfUh_XmzwBUcrE&_nc_zt=23&_nc_ht=scontent.fgua5-1.fna&_nc_gid=AIX20DVFLWQX2wklzlV4loy&oh=00_AYEGqKfJ0L2dZVMO5p5NTDaDAmJGNG39dLgNfyP8Ih2NeA&oe=67D349B7","https://scontent.fgua5-1.fna.fbcdn.net/v/t39.30808-1/452958737_925975866233861_1316250170357088183_n.jpg?stp=dst-jpg_s200x200_tt6&_nc_cat=1&ccb=1-7&_nc_sid=2d3e12&_nc_ohc=3Fz2WR_ktWkQ7kNvgEAZLos&_nc_oc=Adio9h31DsdtK9wkHxxmf4PbgR4z7ObtQN44vkRCq9SlbIFgmTl2nzGHE8RVy062LCo&_nc_zt=24&_nc_ht=scontent.fgua5-1.fna&_nc_gid=AIX20DVFLWQX2wklzlV4loy&oh=00_AYFV-tQQFhzMhakUGH_m7Ev4gNwED5-QOJKbvy2RPr-txQ&oe=67D36686","thongtinchinhphu",,false,,"929199182578196",,1070,,,,,,,"Post",,,,,"[{""type"":""Like"",""reaction_count"":1019},{""type"":""Love"",""reaction_count"":40},{""type"":""Haha"",""reaction_count"":5},{""type"":""Care"",""reaction_count"":4},{""type"":""Wow"",""reaction_count"":2}]",true,,,,"2015-10-01T00:00:00.000Z",,,,"2025-03-09T12:08:26.207Z","{""url"":""https://www.facebook.com/thongtinchinhphu"",""num_of_posts"":500,""end_date"":""09-30-2024"",""start_date"":""""}",,,,
"https://www.facebook.com/thongtinchinhphu/posts/pfbid02Whf7qvUMq8o8Qtxs56aHgFUuTqtDf92KT8x3ZNRDS41FxBLzuu1a3AkSNyXFPt3al","928440529320728","https://www.facebook.com/thongtinchinhphu","Th√¥ng tin Ch√≠nh ph·ªß","üáªüá≥ ‚úà üáÆüá≥ T·ªëi nay, Th·ªß t∆∞·ªõng Ph·∫°m Minh Ch√≠nh l√™n ƒë∆∞·ªùng thƒÉm c·∫•p Nh√† n∆∞·ªõc t·ªõi ·∫§n ƒê·ªô","2024-07-30T14:14:03.000Z",,1,76,"{""type"":""Like"",""num"":11174}","Th√¥ng tin Ch√≠nh ph·ªß","100064643681682","C·∫≠p nh·∫≠t t·ªõi ƒë·ªìng b√†o v·ªÅ ho·∫°t ƒë·ªông, ch·ªâ ƒë·∫°o ƒëi·ªÅu h√†nh c·ªßa Ch√≠nh ph·ªß, Th·ªß t∆∞·ªõng Ch√≠nh ph·ªß v√† c√°c th√¥ng tin quan tr·ªçng kh√°c","Government organization","https://scontent.fgua5-1.fna.fbcdn.net/v/t39.30808-1/452958737_925975866233861_1316250170357088183_n.jpg?stp=dst-jpg_s200x200_tt6&_nc_cat=1&ccb=1-7&_nc_sid=2d3e12&_nc_ohc=3Fz2WR_ktWkQ7kNvgEAZLos&_nc_oc=Adio9h31DsdtK9wkHxxmf4PbgR4z7ObtQN44vkRCq9SlbIFgmTl2nzGHE8RVy062LCo&_nc_zt=24&_nc_ht=scontent.fgua5-1.fna&_nc_gid=AIX20DVFLWQX2wklzlV4loy&oh=00_AYFV-tQQFhzMhakUGH_m7Ev4gNwED5-QOJKbvy2RPr-txQ&oe=67D36686",,,6200000,false,,,,,,,"https://www.facebook.com/thongtinchinhphu","https://scontent.fgua5-1.fna.fbcdn.net/v/t39.30808-6/459177468_957930123038435_2430169465116552305_n.jpg?stp=dst-jpg_s960x960_tt6&_nc_cat=111&ccb=1-7&_nc_sid=cc71e4&_nc_ohc=t51uFdKKVqQQ7kNvgHpCUAo&_nc_oc=Adh0JdmNxzpO9ZTT_TeEJgEJeuLWBFA2_zvE-I7ttmyRESJDoMW_BzfUh_XmzwBUcrE&_nc_zt=23&_nc_ht=scontent.fgua5-1.fna&_nc_gid=AIX20DVFLWQX2wklzlV4loy&oh=00_AYEGqKfJ0L2dZVMO5p5NTDaDAmJGNG39dLgNfyP8Ih2NeA&oe=67D349B7","https://scontent.fgua5-1.fna.fbcdn.net/v/t39.30808-1/452958737_925975866233861_1316250170357088183_n.jpg?stp=dst-jpg_s200x200_tt6&_nc_cat=1&ccb=1-7&_nc_sid=2d3e12&_nc_ohc=3Fz2WR_ktWkQ7kNvgEAZLos&_nc_oc=Adio9h31DsdtK9wkHxxmf4PbgR4z7ObtQN44vkRCq9SlbIFgmTl2nzGHE8RVy062LCo&_nc_zt=24&_nc_ht=scontent.fgua5-1.fna&_nc_gid=AIX20DVFLWQX2wklzlV4loy&oh=00_AYFV-tQQFhzMhakUGH_m7Ev4gNwED5-QOJKbvy2RPr-txQ&oe=67D36686","thongtinchinhphu",,false,,"928440529320728",,13153,,,,,,,"Post",,,,,"[{""type"":""Like"",""reaction_count"":11174},{""type"":""Love"",""reaction_count"":1900},{""type"":""Care"",""reaction_count"":64},{""type"":""Wow"",""reaction_count"":9},{""type"":""Haha"",""reaction_count"":5},{""type"":""Angry"",""reaction_count"":1}]",true,,,,"2015-10-01T00:00:00.000Z",,,,"2025-03-09T12:08:26.207Z","{""url"":""https://www.facebook.com/thongtinchinhphu"",""num_of_posts"":500,""end_date"":""09-30-2024"",""start_date"":""""}",,,,
"https://www.facebook.com/thongtinchinhphu/posts/pfbid0DoVreCdF9RiUyKJ2tRRrHfqfXH22jEpwg6vrNGKSzzzmJKLWydVdG54NsSAxtEa7l","928494589315322","https://www.facebook.com/thongtinchinhphu","Th√¥ng tin Ch√≠nh ph·ªß","üá™üá∫ü§ùüáªüá≥ 
EU hi·ªán l√† ƒë·ªëi t√°c VI·ªÜN TR·ª¢ KH√îNG HO√ÄN L·∫†I L·ªöN NH·∫§T, nh√† ƒë·∫ßu t∆∞ l·ªõn th·ª© 5 c·ªßa Vi·ªát Nam","2024-07-30T15:54:49.000Z",,4,30,"{""type"":""Like"",""num"":2960}","Th√¥ng tin Ch√≠nh ph·ªß","100064643681682","C·∫≠p nh·∫≠t t·ªõi ƒë·ªìng b√†o v·ªÅ ho·∫°t ƒë·ªông, ch·ªâ ƒë·∫°o ƒëi·ªÅu h√†nh c·ªßa Ch√≠nh ph·ªß, Th·ªß t∆∞·ªõng Ch√≠nh ph·ªß v√† c√°c th√¥ng tin quan tr·ªçng kh√°c","Government organization","https://scontent.fgua5-1.fna.fbcdn.net/v/t39.30808-1/452958737_925975866233861_1316250170357088183_n.jpg?stp=dst-jpg_s200x200_tt6&_nc_cat=1&ccb=1-7&_nc_sid=2d3e12&_nc_ohc=3Fz2WR_ktWkQ7kNvgEAZLos&_nc_oc=Adio9h31DsdtK9wkHxxmf4PbgR4z7ObtQN44vkRCq9SlbIFgmTl2nzGHE8RVy062LCo&_nc_zt=24&_nc_ht=scontent.fgua5-1.fna&_nc_gid=AIX20DVFLWQX2wklzlV4loy&oh=00_AYFV-tQQFhzMhakUGH_m7Ev4gNwED5-QOJKbvy2RPr-txQ&oe=67D36686",,,6200000,false,,,,,,,"https://www.facebook.com/thongtinchinhphu","https://scontent.fgua5-1.fna.fbcdn.net/v/t39.30808-6/459177468_957930123038435_2430169465116552305_n.jpg?stp=dst-jpg_s960x960_tt6&_nc_cat=111&ccb=1-7&_nc_sid=cc71e4&_nc_ohc=t51uFdKKVqQQ7kNvgHpCUAo&_nc_oc=Adh0JdmNxzpO9ZTT_TeEJgEJeuLWBFA2_zvE-I7ttmyRESJDoMW_BzfUh_XmzwBUcrE&_nc_zt=23&_nc_ht=scontent.fgua5-1.fna&_nc_gid=AIX20DVFLWQX2wklzlV4loy&oh=00_AYEGqKfJ0L2dZVMO5p5NTDaDAmJGNG39dLgNfyP8Ih2NeA&oe=67D349B7","https://scontent.fgua5-1.fna.fbcdn.net/v/t39.30808-1/452958737_925975866233861_1316250170357088183_n.jpg?stp=dst-jpg_s200x200_tt6&_nc_cat=1&ccb=1-7&_nc_sid=2d3e12&_nc_ohc=3Fz2WR_ktWkQ7kNvgEAZLos&_nc_oc=Adio9h31DsdtK9wkHxxmf4PbgR4z7ObtQN44vkRCq9SlbIFgmTl2nzGHE8RVy062LCo&_nc_zt=24&_nc_ht=scontent.fgua5-1.fna&_nc_gid=AIX20DVFLWQX2wklzlV4loy&oh=00_AYFV-tQQFhzMhakUGH_m7Ev4gNwED5-QOJKbvy2RPr-txQ&oe=67D36686","thongtinchinhphu",,false,,"928494589315322",,3193,,,,,,,"Post",,,,,"[{""type"":""Like"",""reaction_count"":2960},{""type"":""Love"",""reaction_count"":211},{""type"":""Care"",""reaction_count"":12},{""type"":""Haha"",""reaction_count"":6},{""type"":""Wow"",""reaction_count"":3},{""type"":""Angry"",""reaction_count"":1}]",true,,,,"2015-10-01T00:00:00.000Z",,,,"2025-03-09T12:08:26.207Z","{""url"":""https://www.facebook.com/thongtinchinhphu"",""num_of_posts"":500,""end_date"":""09-30-2024"",""start_date"":""""}",,,,
"https://www.facebook.com/thongtinchinhphu/posts/pfbid0bBFYEtNozrpuyfHKxiXg63zDjFH2zYb3XFAy3LfoGzJc4FFKrPB9TwuYAQmbv6PLl","928552012642913","https://www.facebook.com/thongtinchinhphu","Th√¥ng tin Ch√≠nh ph·ªß","üáªüá≥Ô∏èüéñÔ∏è B·ªî NHI·ªÜM TH·ª¶ TR∆Ø·ªûNG C∆† QUAN AN NINH ƒêI·ªÄU TRA B·ªò C√îNG AN 

---
üë§ Trung t∆∞·ªõng Ph·∫°m Th·∫ø T√πng, 52 tu·ªïi, qu√™ H∆∞ng Y√™n. 

√îng l√† th·∫°c sƒ© nghi·ªáp v·ª• c·∫£nh s√°t; tr√¨nh ƒë·ªô l√Ω lu·∫≠n ch√≠nh tr·ªã cao c·∫•p.

NƒÉm 2012, √¥ng l√† tr∆∞·ªüng C√¥ng an huy·ªán Kho√°i Ch√¢u, t·ªânh H∆∞ng Y√™n. 

NƒÉm 2014 √¥ng l√† Ph√≥ Gi√°m ƒë·ªëc C√¥ng an t·ªânh H∆∞ng Y√™n.

Th√°ng 10/2019, √¥ng gi·ªØ ch·ª©c Gi√°m ƒë·ªëc C√¥ng an t·ªânh B·∫Øc Ninh.

ƒê·∫øn nƒÉm 2021, √¥ng ƒë∆∞·ª£c ƒëi·ªÅu ƒë·ªông l√†m Gi√°m ƒë·ªëc C√¥ng an t·ªânh Ngh·ªá An.

Th√°ng 12/2023, √¥ng Ph·∫°m Th·∫ø T√πng ƒë√£ ƒë∆∞·ª£c ƒëi·ªÅu ƒë·ªông gi·ªØ ch·ª©c C·ª•c tr∆∞·ªüng C·ª•c An ninh ch√≠nh tr·ªã n·ªôi b·ªô, B·ªô C√¥ng an.

Th√°ng 7/2024, Trung t∆∞·ªõng Ph·∫°m Th·∫ø T√πng ƒë∆∞·ª£c b·ªï nhi·ªám ch·ª©c v·ª• Th·ª© tr∆∞·ªüng B·ªô C√¥ng an.

---
üìã Ng√†y 30/7, B·ªô C√¥ng an t·ªï ch·ª©c h·ªôi ngh·ªã giao ban ƒë√°nh gi√° t√¨nh h√¨nh, k·∫øt qu·∫£ c√¥ng t√°c th√°ng 7/2024, tri·ªÉn khai c√°c nhi·ªám v·ª• tr·ªçng t√¢m c√¥ng t√°c b·∫£o ƒë·∫£m an ninh, tr·∫≠t t·ª± th√°ng 8/2024.

T·∫°i h·ªôi ngh·ªã ƒë√£ di·ªÖn ra l·ªÖ b√†n giao, ph√¢n c√¥ng c√¥ng t√°c gi·ªØa Th∆∞·ª£ng t∆∞·ªõng L∆∞∆°ng Tam Quang, B√≠ th∆∞ ƒê·∫£ng ·ªßy C√¥ng an Trung ∆∞∆°ng, B·ªô tr∆∞·ªüng B·ªô C√¥ng an v√† Trung t∆∞·ªõng Ph·∫°m Th·∫ø T√πng, Th·ª© tr∆∞·ªüng B·ªô C√¥ng an.

Theo ƒë√≥, Ban t·ªï ch·ª©c ƒë√£ c√¥ng b·ªë quy·∫øt ƒë·ªãnh c·ªßa b·ªô tr∆∞·ªüng B·ªô C√¥ng an v·ªÅ vi·ªác b·ªï nhi·ªám ch·ª©c danh th·ªß tr∆∞·ªüng C∆° quan an ninh ƒëi·ªÅu tra B·ªô C√¥ng an ƒë·ªëi v·ªõi Trung t∆∞·ªõng Ph·∫°m Th·∫ø T√πng, Th·ª© tr∆∞·ªüng B·ªô C√¥ng an.

---
(·∫¢nh: B·ªô C√¥ng an)","2024-07-30T17:57:53.000Z",,0,335,"{""type"":""Like"",""num"":24664}","Th√¥ng tin Ch√≠nh ph·ªß","100064643681682","C·∫≠p nh·∫≠t t·ªõi ƒë·ªìng b√†o v·ªÅ ho·∫°t ƒë·ªông, ch·ªâ ƒë·∫°o ƒëi·ªÅu h√†nh c·ªßa Ch√≠nh ph·ªß, Th·ªß t∆∞·ªõng Ch√≠nh ph·ªß v√† c√°c th√¥ng tin quan tr·ªçng kh√°c","Government organization","https://scontent.fgua5-1.fna.fbcdn.net/v/t39.30808-1/452958737_925975866233861_1316250170357088183_n.jpg?stp=dst-jpg_s200x200_tt6&_nc_cat=1&ccb=1-7&_nc_sid=2d3e12&_nc_ohc=3Fz2WR_ktWkQ7kNvgEAZLos&_nc_oc=Adio9h31DsdtK9wkHxxmf4PbgR4z7ObtQN44vkRCq9SlbIFgmTl2nzGHE8RVy062LCo&_nc_zt=24&_nc_ht=scontent.fgua5-1.fna&_nc_gid=AIX20DVFLWQX2wklzlV4loy&oh=00_AYFV-tQQFhzMhakUGH_m7Ev4gNwED5-QOJKbvy2RPr-txQ&oe=67D36686",,,6200000,false,,"[{""id"":""928551192642995"",""type"":""Photo"",""url"":""https://scontent.fgua5-1.fna.fbcdn.net/v/t39.30808-6/453486519_928551189309662_5175339672571555861_n.jpg?stp=dst-jpg_p526x296_tt6&_nc_cat=105&ccb=1-7&_nc_sid=127cfc&_nc_ohc=iTRmnfv4TekQ7kNvgEFvF1t&_nc_oc=AdhWTMNJ8hIArPjQhoJxGTfTj2yyrNHaDUH-9N-Ocni1J9r74fydipEUnTvYP1zJ7Jg&_nc_zt=23&_nc_ht=scontent.fgua5-1.fna&_nc_gid=A6oRMOz4F8DVcdIim1dO-qI&oh=00_AYFpF_rK76-cJ2cD2RjWqc_Dc60h8qo-w7wJbblQ-YxKtA&oe=67D3529C"",""video_url"":null}]",,,,,"https://www.facebook.com/thongtinchinhphu","https://scontent.fgua5-1.fna.fbcdn.net/v/t39.30808-6/459177468_957930123038435_2430169465116552305_n.jpg?stp=dst-jpg_s960x960_tt6&_nc_cat=111&ccb=1-7&_nc_sid=cc71e4&_nc_ohc=t51uFdKKVqQQ7kNvgHpCUAo&_nc_oc=Adh0JdmNxzpO9ZTT_TeEJgEJeuLWBFA2_zvE-I7ttmyRESJDoMW_BzfUh_XmzwBUcrE&_nc_zt=23&_nc_ht=scontent.fgua5-1.fna&_nc_gid=AIX20DVFLWQX2wklzlV4loy&oh=00_AYEGqKfJ0L2dZVMO5p5NTDaDAmJGNG39dLgNfyP8Ih2NeA&oe=67D349B7","https://scontent.fgua5-1.fna.fbcdn.net/v/t39.30808-1/452958737_925975866233861_1316250170357088183_n.jpg?stp=dst-jpg_s200x200_tt6&_nc_cat=1&ccb=1-7&_nc_sid=2d3e12&_nc_ohc=3Fz2WR_ktWkQ7kNvgEAZLos&_nc_oc=Adio9h31DsdtK9wkHxxmf4PbgR4z7ObtQN44vkRCq9SlbIFgmTl2nzGHE8RVy062LCo&_nc_zt=24&_nc_ht=scontent.fgua5-1.fna&_nc_gid=AIX20DVFLWQX2wklzlV4loy&oh=00_AYFV-tQQFhzMhakUGH_m7Ev4gNwED5-QOJKbvy2RPr-txQ&oe=67D36686","thongtinchinhphu",,false,,"928552012642913",,27050,,,"https://scontent.fgua5-1.fna.fbcdn.net/v/t39.30808-6/453486519_928551189309662_5175339672571555861_n.jpg?stp=dst-jpg_p526x296_tt6&_nc_cat=105&ccb=1-7&_nc_sid=127cfc&_nc_ohc=iTRmnfv4TekQ7kNvgEFvF1t&_nc_oc=AdhWTMNJ8hIArPjQhoJxGTfTj2yyrNHaDUH-9N-Ocni1J9r74fydipEUnTvYP1zJ7Jg&_nc_zt=23&_nc_ht=scontent.fgua5-1.fna&_nc_gid=A6oRMOz4F8DVcdIim1dO-qI&oh=00_AYFpF_rK76-cJ2cD2RjWqc_Dc60h8qo-w7wJbblQ-YxKtA&oe=67D3529C",,,,"Post",,,,,"[{""type"":""Like"",""reaction_count"":24664},{""type"":""Love"",""reaction_count"":1987},{""type"":""Haha"",""reaction_count"":261},{""type"":""Wow"",""reaction_count"":64},{""type"":""Care"",""reaction_count"":59},{""type"":""Sad"",""reaction_count"":10},{""type"":""Angry"",""reaction_count"":5}]",true,,,,"2015-10-01T00:00:00.000Z",,,,"2025-03-09T12:08:26.207Z","{""url"":""https://www.facebook.com/thongtinchinhphu"",""num_of_posts"":500,""end_date"":""09-30-2024"",""start_date"":""""}",,,,
"https://www.facebook.com/thongtinchinhphu/posts/pfbid02V22McjjqsQdNgejwgy1UYFZ1tPwA9iaUVDV959TzC4cEbNe5aQu3FeSkgrKnTbWpl","930072172490897","https://www.facebook.com/thongtinchinhphu","Th√¥ng tin Ch√≠nh ph·ªß","ü§î‚ùì
B·∫°n Ti·∫øn h·ªèi, nƒÉm h·ªçc 2023-2024, b·∫°n c√≥ ƒë∆∞·ª£c ƒë·ªÅ ngh·ªã khen th∆∞·ªüng B·∫±ng khen c·ªßa Th·ªß t∆∞·ªõng Ch√≠nh ph·ªß kh√¥ng?

(Tr∆∞·ªõc ƒë√≥, b·∫°n Ti·∫øn ƒë√£ ƒë∆∞·ª£c B·∫±ng khen c·ªßa Ch·ªß t·ªãch UBND t·ªânh nƒÉm h·ªçc 2021-2022)","2024-08-02T03:39:49.000Z",,75,22,"{""type"":""Like"",""num"":2773}","Th√¥ng tin Ch√≠nh ph·ªß","100064643681682","C·∫≠p nh·∫≠t t·ªõi ƒë·ªìng b√†o v·ªÅ ho·∫°t ƒë·ªông, ch·ªâ ƒë·∫°o ƒëi·ªÅu h√†nh c·ªßa Ch√≠nh ph·ªß, Th·ªß t∆∞·ªõng Ch√≠nh ph·ªß v√† c√°c th√¥ng tin quan tr·ªçng kh√°c","Government organization","https://scontent.fgua5-1.fna.fbcdn.net/v/t39.30808-1/452958737_925975866233861_1316250170357088183_n.jpg?stp=dst-jpg_s200x200_tt6&_nc_cat=1&ccb=1-7&_nc_sid=2d3e12&_nc_ohc=3Fz2WR_ktWkQ7kNvgEAZLos&_nc_oc=Adio9h31DsdtK9wkHxxmf4PbgR4z7ObtQN44vkRCq9SlbIFgmTl2nzGHE8RVy062LCo&_nc_zt=24&_nc_ht=scontent.fgua5-1.fna&_nc_gid=AIX20DVFLWQX2wklzlV4loy&oh=00_AYFV-tQQFhzMhakUGH_m7Ev4gNwED5-QOJKbvy2RPr-txQ&oe=67D36686",,,6200000,false,,,,,,,"https://www.facebook.com/thongtinchinhphu","https://scontent.fgua5-1.fna.fbcdn.net/v/t39.30808-6/459177468_957930123038435_2430169465116552305_n.jpg?stp=dst-jpg_s960x960_tt6&_nc_cat=111&ccb=1-7&_nc_sid=cc71e4&_nc_ohc=t51uFdKKVqQQ7kNvgHpCUAo&_nc_oc=Adh0JdmNxzpO9ZTT_TeEJgEJeuLWBFA2_zvE-I7ttmyRESJDoMW_BzfUh_XmzwBUcrE&_nc_zt=23&_nc_ht=scontent.fgua5-1.fna&_nc_gid=AIX20DVFLWQX2wklzlV4loy&oh=00_AYEGqKfJ0L2dZVMO5p5NTDaDAmJGNG39dLgNfyP8Ih2NeA&oe=67D349B7","https://scontent.fgua5-1.fna.fbcdn.net/v/t39.30808-1/452958737_925975866233861_1316250170357088183_n.jpg?stp=dst-jpg_s200x200_tt6&_nc_cat=1&ccb=1-7&_nc_sid=2d3e12&_nc_ohc=3Fz2WR_ktWkQ7kNvgEAZLos&_nc_oc=Adio9h31DsdtK9wkHxxmf4PbgR4z7ObtQN44vkRCq9SlbIFgmTl2nzGHE8RVy062LCo&_nc_zt=24&_nc_ht=scontent.fgua5-1.fna&_nc_gid=AIX20DVFLWQX2wklzlV4loy&oh=00_AYFV-tQQFhzMhakUGH_m7Ev4gNwED5-QOJKbvy2RPr-txQ&oe=67D36686","thongtinchinhphu",,false,,"930072172490897",,3513,,,,,,,"Post",,,,,"[{""type"":""Like"",""reaction_count"":2773},{""type"":""Haha"",""reaction_count"":661},{""type"":""Love"",""reaction_count"":46},{""type"":""Wow"",""reaction_count"":21},{""type"":""Sad"",""reaction_count"":8},{""type"":""Care"",""reaction_count"":3},{""type"":""Angry"",""reaction_count"":1}]",true,,,,"2015-10-01T00:00:00.000Z",,,,"2025-03-09T12:08:26.207Z","{""url"":""https://www.facebook.com/thongtinchinhphu"",""num_of_posts"":500,""end_date"":""09-30-2024"",""start_date"":""""}",,,,
"https://www.facebook.com/thongtinchinhphu/posts/pfbid02Whf7qvUMq8o8Qtxs56aHgFUuTqtDf92KT8x3ZNRDS41FxBLzuu1a3AkSNyXFPt3al","928440529320728","https://www.facebook.com/thongtinchinhphu","Th√¥ng tin Ch√≠nh ph·ªß","üáªüá≥ ‚úà üáÆüá≥ T·ªëi nay, Th·ªß t∆∞·ªõng Ph·∫°m Minh Ch√≠nh l√™n ƒë∆∞·ªùng thƒÉm c·∫•p Nh√† n∆∞·ªõc t·ªõi ·∫§n ƒê·ªô","2024-07-30T14:14:03.000Z",,1,76,"{""type"":""Like"",""num"":11174}","Th√¥ng tin Ch√≠nh ph·ªß","100064643681682","C·∫≠p nh·∫≠t t·ªõi ƒë·ªìng b√†o v·ªÅ ho·∫°t ƒë·ªông, ch·ªâ ƒë·∫°o ƒëi·ªÅu h√†nh c·ªßa Ch√≠nh ph·ªß, Th·ªß t∆∞·ªõng Ch√≠nh ph·ªß v√† c√°c th√¥ng tin quan tr·ªçng kh√°c","Government organization","https://scontent.ffco3-1.fna.fbcdn.net/v/t39.30808-1/452958737_925975866233861_1316250170357088183_n.jpg?stp=dst-jpg_s200x200_tt6&_nc_cat=1&ccb=1-7&_nc_sid=2d3e12&_nc_ohc=3Fz2WR_ktWkQ7kNvgEj6QdX&_nc_oc=AdjY4cyU6zYNE0deS_YMYBnrl7pf8gZHKKUII4uEnoSC8zNVyK6a6KBRgN2jWiqhAcc&_nc_zt=24&_nc_ht=scontent.ffco3-1.fna&_nc_gid=A0RbHw__Iub-2Tib_onYY5m&oh=00_AYEgT-Bc6iczAZpUMbPzyMjdQ2J3UVIY1CVt2cVbiIxdXA&oe=67D36686",,,6200000,false,,,,,,,"https://www.facebook.com/thongtinchinhphu","https://scontent.ffco3-1.fna.fbcdn.net/v/t39.30808-6/459177468_957930123038435_2430169465116552305_n.jpg?stp=dst-jpg_s960x960_tt6&_nc_cat=111&ccb=1-7&_nc_sid=cc71e4&_nc_ohc=t51uFdKKVqQQ7kNvgE7BVOU&_nc_oc=AdiDDKe6xNdNXA_0FhCjEcut1hyShTYhcGhKLiyBZ6j2RgS1IXnexVoJ05WwtTn4rUw&_nc_zt=23&_nc_ht=scontent.ffco3-1.fna&_nc_gid=A0RbHw__Iub-2Tib_onYY5m&oh=00_AYEAtRjRiFriJ0OCVjvL-Ho9HQ8gjS1r5-tcTp0-_5O4Ew&oe=67D349B7","https://scontent.ffco3-1.fna.fbcdn.net/v/t39.30808-1/452958737_925975866233861_1316250170357088183_n.jpg?stp=dst-jpg_s200x200_tt6&_nc_cat=1&ccb=1-7&_nc_sid=2d3e12&_nc_ohc=3Fz2WR_ktWkQ7kNvgEj6QdX&_nc_oc=AdjY4cyU6zYNE0deS_YMYBnrl7pf8gZHKKUII4uEnoSC8zNVyK6a6KBRgN2jWiqhAcc&_nc_zt=24&_nc_ht=scontent.ffco3-1.fna&_nc_gid=A0RbHw__Iub-2Tib_onYY5m&oh=00_AYEgT-Bc6iczAZpUMbPzyMjdQ2J3UVIY1CVt2cVbiIxdXA&oe=67D36686","thongtinchinhphu",,false,,"928440529320728",,13153,,,,,,,"Post",,,,,"[{""type"":""Like"",""reaction_count"":11174},{""type"":""Love"",""reaction_count"":1900},{""type"":""Care"",""reaction_count"":64},{""type"":""Wow"",""reaction_count"":9},{""type"":""Haha"",""reaction_count"":5},{""type"":""Angry"",""reaction_count"":1}]",true,,,,"2015-10-01T00:00:00.000Z",,,,"2025-03-09T12:09:45.847Z","{""url"":""https://www.facebook.com/thongtinchinhphu"",""num_of_posts"":500,""end_date"":""09-30-2024"",""start_date"":""""}",,,,
"https://www.facebook.com/thongtinchinhphu/posts/pfbid02Whf7qvUMq8o8Qtxs56aHgFUuTqtDf92KT8x3ZNRDS41FxBLzuu1a3AkSNyXFPt3al","928440529320728","https://www.facebook.com/thongtinchinhphu","Th√¥ng tin Ch√≠nh ph·ªß","üáªüá≥ ‚úà üáÆüá≥ T·ªëi nay, Th·ªß t∆∞·ªõng Ph·∫°m Minh Ch√≠nh l√™n ƒë∆∞·ªùng thƒÉm c·∫•p Nh√† n∆∞·ªõc t·ªõi ·∫§n ƒê·ªô","2024-07-30T14:14:03.000Z",,1,76,"{""type"":""Like"",""num"":11174}","Th√¥ng tin Ch√≠nh ph·ªß","100064643681682","C·∫≠p nh·∫≠t t·ªõi ƒë·ªìng b√†o v·ªÅ ho·∫°t ƒë·ªông, ch·ªâ ƒë·∫°o ƒëi·ªÅu h√†nh c·ªßa Ch√≠nh ph·ªß, Th·ªß t∆∞·ªõng Ch√≠nh ph·ªß v√† c√°c th√¥ng tin quan tr·ªçng kh√°c","Government organisation","https://scontent.fbkk24-1.fna.fbcdn.net/v/t39.30808-1/452958737_925975866233861_1316250170357088183_n.jpg?stp=dst-jpg_s200x200_tt6&_nc_cat=1&ccb=1-7&_nc_sid=2d3e12&_nc_ohc=3Fz2WR_ktWkQ7kNvgGgfUXe&_nc_oc=Adj1fJES7VeznZhaCqrbs-lRUSVKMO0iKWCNGIPNHkDlHkfHJe80dkq58u9oEtx0QNY&_nc_zt=24&_nc_ht=scontent.fbkk24-1.fna&_nc_gid=Axx_t4wQayJVBHPjGZikcEt&oh=00_AYHp84jFzkl8KlsyRW-EYO9pn8pQXJ7li5BrjpsXkTu03g&oe=67D36686",,,6200000,false,,,,,,,"https://www.facebook.com/thongtinchinhphu","https://scontent.fbkk24-1.fna.fbcdn.net/v/t39.30808-6/459177468_957930123038435_2430169465116552305_n.jpg?stp=dst-jpg_s960x960_tt6&_nc_cat=111&ccb=1-7&_nc_sid=cc71e4&_nc_ohc=t51uFdKKVqQQ7kNvgGpzeIG&_nc_oc=AdjHGhWWWYY8h0ifq-PiWOatRTlHmXnVd8fgjJmTCtNNoDJwsJaEbG-QRJYVBRjZDZk&_nc_zt=23&_nc_ht=scontent.fbkk24-1.fna&_nc_gid=Axx_t4wQayJVBHPjGZikcEt&oh=00_AYFrdIEaV_qbzMe4JA90dNE8V3VT6wrlF2c81gexkeQkxg&oe=67D349B7","https://scontent.fbkk24-1.fna.fbcdn.net/v/t39.30808-1/452958737_925975866233861_1316250170357088183_n.jpg?stp=dst-jpg_s200x200_tt6&_nc_cat=1&ccb=1-7&_nc_sid=2d3e12&_nc_ohc=3Fz2WR_ktWkQ7kNvgGgfUXe&_nc_oc=Adj1fJES7VeznZhaCqrbs-lRUSVKMO0iKWCNGIPNHkDlHkfHJe80dkq58u9oEtx0QNY&_nc_zt=24&_nc_ht=scontent.fbkk24-1.fna&_nc_gid=Axx_t4wQayJVBHPjGZikcEt&oh=00_AYHp84jFzkl8KlsyRW-EYO9pn8pQXJ7li5BrjpsXkTu03g&oe=67D36686","thongtinchinhphu",,false,,"928440529320728",,13153,,,,,,,"Post",,,,,"[{""type"":""Like"",""reaction_count"":11174},{""type"":""Love"",""reaction_count"":1900},{""type"":""Care"",""reaction_count"":64},{""type"":""Wow"",""reaction_count"":9},{""type"":""Haha"",""reaction_count"":5},{""type"":""Angry"",""reaction_count"":1}]",true,,,,"2015-10-01T00:00:00.000Z",,,,"2025-03-09T12:11:10.153Z","{""url"":""https://www.facebook.com/thongtinchinhphu"",""num_of_posts"":500,""end_date"":""09-30-2024"",""start_date"":""""}",,,,
"https://www.facebook.com/thongtinchinhphu/posts/pfbid02Whf7qvUMq8o8Qtxs56aHgFUuTqtDf92KT8x3ZNRDS41FxBLzuu1a3AkSNyXFPt3al","928440529320728","https://www.facebook.com/thongtinchinhphu","Th√¥ng tin Ch√≠nh ph·ªß","üáªüá≥ ‚úà üáÆüá≥ T·ªëi nay, Th·ªß t∆∞·ªõng Ph·∫°m Minh Ch√≠nh l√™n ƒë∆∞·ªùng thƒÉm c·∫•p Nh√† n∆∞·ªõc t·ªõi ·∫§n ƒê·ªô","2024-07-30T14:14:03.000Z",,1,76,"{""type"":""Like"",""num"":11174}","Th√¥ng tin Ch√≠nh ph·ªß","100064643681682","C·∫≠p nh·∫≠t t·ªõi ƒë·ªìng b√†o v·ªÅ ho·∫°t ƒë·ªông, ch·ªâ ƒë·∫°o ƒëi·ªÅu h√†nh c·ªßa Ch√≠nh ph·ªß, Th·ªß t∆∞·ªõng Ch√≠nh ph·ªß v√† c√°c th√¥ng tin quan tr·ªçng kh√°c","Government organization","https://scontent.fvno7-1.fna.fbcdn.net/v/t39.30808-1/452958737_925975866233861_1316250170357088183_n.jpg?stp=dst-jpg_s200x200_tt6&_nc_cat=1&ccb=1-7&_nc_sid=2d3e12&_nc_ohc=3Fz2WR_ktWkQ7kNvgEKlVRF&_nc_oc=AdgJKHPdZgOdlhCnshztSuPve2PUxnvN3lznuw38fc36bIWLc5BgyrJbhFV64O6f9ug&_nc_zt=24&_nc_ht=scontent.fvno7-1.fna&_nc_gid=A-pYaGSB1JClDqmlCJbWuPG&oh=00_AYHKtXmsIrhGaTenRpqnb1DheXx8MWFa3kSrE05zOpVjjA&oe=67D36686",,,6200000,false,,,,,,,"https://www.facebook.com/thongtinchinhphu","https://scontent.fvno7-1.fna.fbcdn.net/v/t39.30808-6/459177468_957930123038435_2430169465116552305_n.jpg?stp=dst-jpg_s960x960_tt6&_nc_cat=111&ccb=1-7&_nc_sid=cc71e4&_nc_ohc=t51uFdKKVqQQ7kNvgHJSB4L&_nc_oc=Adi8dTitcsHddl9iqxCDZcG-tOffybeRmEy0bf5-beiV-xCNJ392FiVvD0LNl96m7pE&_nc_zt=23&_nc_ht=scontent.fvno7-1.fna&_nc_gid=A-pYaGSB1JClDqmlCJbWuPG&oh=00_AYHj5Pkjkh6Um68pZ1t5FWa8GOq_Y-jDOfQMLBSKwQrxIA&oe=67D349B7","https://scontent.fvno7-1.fna.fbcdn.net/v/t39.30808-1/452958737_925975866233861_1316250170357088183_n.jpg?stp=dst-jpg_s200x200_tt6&_nc_cat=1&ccb=1-7&_nc_sid=2d3e12&_nc_ohc=3Fz2WR_ktWkQ7kNvgEKlVRF&_nc_oc=AdgJKHPdZgOdlhCnshztSuPve2PUxnvN3lznuw38fc36bIWLc5BgyrJbhFV64O6f9ug&_nc_zt=24&_nc_ht=scontent.fvno7-1.fna&_nc_gid=A-pYaGSB1JClDqmlCJbWuPG&oh=00_AYHKtXmsIrhGaTenRpqnb1DheXx8MWFa3kSrE05zOpVjjA&oe=67D36686","thongtinchinhphu",,false,,"928440529320728",,13153,,,,,,,"Post",,,,,"[{""type"":""Like"",""reaction_count"":11174},{""type"":""Love"",""reaction_count"":1900},{""type"":""Care"",""reaction_count"":64},{""type"":""Wow"",""reaction_count"":9},{""type"":""Haha"",""reaction_count"":5},{""type"":""Angry"",""reaction_count"":1}]",true,,,,"2015-10-01T00:00:00.000Z",,,,"2025-03-09T12:12:34.786Z","{""url"":""https://www.facebook.com/thongtinchinhphu"",""num_of_posts"":500,""end_date"":""09-30-2024"",""start_date"":""""}",,,,
"https://www.facebook.com/thongtinchinhphu/posts/pfbid02Whf7qvUMq8o8Qtxs56aHgFUuTqtDf92KT8x3ZNRDS41FxBLzuu1a3AkSNyXFPt3al","928440529320728","https://www.facebook.com/thongtinchinhphu","Th√¥ng tin Ch√≠nh ph·ªß","üáªüá≥ ‚úà üáÆüá≥ T·ªëi nay, Th·ªß t∆∞·ªõng Ph·∫°m Minh Ch√≠nh l√™n ƒë∆∞·ªùng thƒÉm c·∫•p Nh√† n∆∞·ªõc t·ªõi ·∫§n ƒê·ªô","2024-07-30T14:14:03.000Z",,1,76,"{""type"":""Like"",""num"":11174}","Th√¥ng tin Ch√≠nh ph·ªß","100064643681682","C·∫≠p nh·∫≠t t·ªõi ƒë·ªìng b√†o v·ªÅ ho·∫°t ƒë·ªông, ch·ªâ ƒë·∫°o ƒëi·ªÅu h√†nh c·ªßa Ch√≠nh ph·ªß, Th·ªß t∆∞·ªõng Ch√≠nh ph·ªß v√† c√°c th√¥ng tin quan tr·ªçng kh√°c","Government organisation","https://scontent.fcok10-2.fna.fbcdn.net/v/t39.30808-1/452958737_925975866233861_1316250170357088183_n.jpg?stp=dst-jpg_s200x200_tt6&_nc_cat=1&ccb=1-7&_nc_sid=2d3e12&_nc_ohc=3Fz2WR_ktWkQ7kNvgFDeiZY&_nc_oc=AdhMWCWDbvrk18S0J9Rzgt35nZ2_Uf_WkefQzUfkOz8p6myyjex3-kDyYbzCoXlgHeI&_nc_zt=24&_nc_ht=scontent.fcok10-2.fna&_nc_gid=AkTVnceTIXukoNi_JYIC15h&oh=00_AYFaeylU7iSUEUB4obTjZ43dusHFZfPlzSVaAkEFKLhDGQ&oe=67D36686",,,6200000,false,,,,,,,"https://www.facebook.com/thongtinchinhphu","https://scontent.fcok10-3.fna.fbcdn.net/v/t39.30808-6/459177468_957930123038435_2430169465116552305_n.jpg?stp=dst-jpg_s960x960_tt6&_nc_cat=111&ccb=1-7&_nc_sid=cc71e4&_nc_ohc=t51uFdKKVqQQ7kNvgGTJWl7&_nc_oc=AdjocPTJ9JnvH2XlUis7J3lQazGHi3OYu6vSpO0BLBFo0c9YU8UQYcc9hkU_5oKz0iA&_nc_zt=23&_nc_ht=scontent.fcok10-3.fna&_nc_gid=AkTVnceTIXukoNi_JYIC15h&oh=00_AYGSq1dk5COyw1Kylhp2Zf8Ybop4HhPZrDEldtH3LAfXUA&oe=67D349B7","https://scontent.fcok10-2.fna.fbcdn.net/v/t39.30808-1/452958737_925975866233861_1316250170357088183_n.jpg?stp=dst-jpg_s200x200_tt6&_nc_cat=1&ccb=1-7&_nc_sid=2d3e12&_nc_ohc=3Fz2WR_ktWkQ7kNvgFDeiZY&_nc_oc=AdhMWCWDbvrk18S0J9Rzgt35nZ2_Uf_WkefQzUfkOz8p6myyjex3-kDyYbzCoXlgHeI&_nc_zt=24&_nc_ht=scontent.fcok10-2.fna&_nc_gid=AkTVnceTIXukoNi_JYIC15h&oh=00_AYFaeylU7iSUEUB4obTjZ43dusHFZfPlzSVaAkEFKLhDGQ&oe=67D36686","thongtinchinhphu",,false,,"928440529320728",,13153,,,,,,,"Post",,,,,"[{""type"":""Like"",""reaction_count"":11174},{""type"":""Love"",""reaction_count"":1900},{""type"":""Care"",""reaction_count"":64},{""type"":""Wow"",""reaction_count"":9},{""type"":""Haha"",""reaction_count"":5},{""type"":""Angry"",""reaction_count"":1}]",true,,,,"2015-10-01T00:00:00.000Z",,,,"2025-03-09T12:14:27.625Z","{""url"":""https://www.facebook.com/thongtinchinhphu"",""num_of_posts"":500,""end_date"":""09-30-2024"",""start_date"":""""}",,,,
"https://www.facebook.com/thongtinchinhphu/posts/pfbid02Whf7qvUMq8o8Qtxs56aHgFUuTqtDf92KT8x3ZNRDS41FxBLzuu1a3AkSNyXFPt3al","928440529320728","https://www.facebook.com/thongtinchinhphu","Th√¥ng tin Ch√≠nh ph·ªß","üáªüá≥ ‚úà üáÆüá≥ T·ªëi nay, Th·ªß t∆∞·ªõng Ph·∫°m Minh Ch√≠nh l√™n ƒë∆∞·ªùng thƒÉm c·∫•p Nh√† n∆∞·ªõc t·ªõi ·∫§n ƒê·ªô","2024-07-30T14:14:03.000Z",,1,76,"{""type"":""Like"",""num"":11174}","Th√¥ng tin Ch√≠nh ph·ªß","100064643681682","C·∫≠p nh·∫≠t t·ªõi ƒë·ªìng b√†o v·ªÅ ho·∫°t ƒë·ªông, ch·ªâ ƒë·∫°o ƒëi·ªÅu h√†nh c·ªßa Ch√≠nh ph·ªß, Th·ªß t∆∞·ªõng Ch√≠nh ph·ªß v√† c√°c th√¥ng tin quan tr·ªçng kh√°c","Government organization","https://scontent.fias1-1.fna.fbcdn.net/v/t39.30808-1/452958737_925975866233861_1316250170357088183_n.jpg?stp=dst-jpg_s200x200_tt6&_nc_cat=1&ccb=1-7&_nc_sid=2d3e12&_nc_ohc=3Fz2WR_ktWkQ7kNvgENDeMO&_nc_oc=AdjrA5sJeP9OTEuXdlRsxgBTTQeRTH2QHxUUkdDc5Oc-tiC_Wo8U31Wv6fJfpAW1SxobRUif8tXM6_-oYEJoU4Lc&_nc_zt=24&_nc_ht=scontent.fias1-1.fna&_nc_gid=AUnauk9bg29bbbzBrCo13KG&oh=00_AYE9hB0hXiwlLY_gwjG8t3GoKmWMOywjF72sP9dRVWcDAA&oe=67D36686",,,6200000,false,,,,,,,"https://www.facebook.com/thongtinchinhphu","https://scontent.fias1-2.fna.fbcdn.net/v/t39.30808-6/459177468_957930123038435_2430169465116552305_n.jpg?stp=dst-jpg_s960x960_tt6&_nc_cat=111&ccb=1-7&_nc_sid=cc71e4&_nc_ohc=t51uFdKKVqQQ7kNvgG6dcKt&_nc_oc=Adgfd6g4RDgudpOFUYEoUhj7f3bAzS5plVsIQPYPUR0Oq3sKbl_uaB6l2o8Z-tuUKpWSrZ74Mc-IoASPy44qiVXu&_nc_zt=23&_nc_ht=scontent.fias1-2.fna&_nc_gid=AUnauk9bg29bbbzBrCo13KG&oh=00_AYGHXSIh4u4ShIxjoMr458x3OuPleuaOF9XpCplXgJGnoA&oe=67D349B7","https://scontent.fias1-1.fna.fbcdn.net/v/t39.30808-1/452958737_925975866233861_1316250170357088183_n.jpg?stp=dst-jpg_s200x200_tt6&_nc_cat=1&ccb=1-7&_nc_sid=2d3e12&_nc_ohc=3Fz2WR_ktWkQ7kNvgENDeMO&_nc_oc=AdjrA5sJeP9OTEuXdlRsxgBTTQeRTH2QHxUUkdDc5Oc-tiC_Wo8U31Wv6fJfpAW1SxobRUif8tXM6_-oYEJoU4Lc&_nc_zt=24&_nc_ht=scontent.fias1-1.fna&_nc_gid=AUnauk9bg29bbbzBrCo13KG&oh=00_AYE9hB0hXiwlLY_gwjG8t3GoKmWMOywjF72sP9dRVWcDAA&oe=67D36686","thongtinchinhphu",,false,,"928440529320728",,13153,,,,,,,"Post",,,,,"[{""type"":""Like"",""reaction_count"":11174},{""type"":""Love"",""reaction_count"":1900},{""type"":""Care"",""reaction_count"":64},{""type"":""Wow"",""reaction_count"":9},{""type"":""Haha"",""reaction_count"":5},{""type"":""Angry"",""reaction_count"":1}]",true,,,,"2015-10-01T00:00:00.000Z",,,,"2025-03-09T12:15:52.629Z","{""url"":""https://www.facebook.com/thongtinchinhphu"",""num_of_posts"":500,""end_date"":""09-30-2024"",""start_date"":""""}",,,,
"https://www.facebook.com/thongtinchinhphu/posts/pfbid02Whf7qvUMq8o8Qtxs56aHgFUuTqtDf92KT8x3ZNRDS41FxBLzuu1a3AkSNyXFPt3al","928440529320728","https://www.facebook.com/thongtinchinhphu","Th√¥ng tin Ch√≠nh ph·ªß","üáªüá≥ ‚úà üáÆüá≥ T·ªëi nay, Th·ªß t∆∞·ªõng Ph·∫°m Minh Ch√≠nh l√™n ƒë∆∞·ªùng thƒÉm c·∫•p Nh√† n∆∞·ªõc t·ªõi ·∫§n ƒê·ªô","2024-07-30T14:14:03.000Z",,1,76,"{""type"":""Like"",""num"":11174}","Th√¥ng tin Ch√≠nh ph·ªß","100064643681682","C·∫≠p nh·∫≠t t·ªõi ƒë·ªìng b√†o v·ªÅ ho·∫°t ƒë·ªông, ch·ªâ ƒë·∫°o ƒëi·ªÅu h√†nh c·ªßa Ch√≠nh ph·ªß, Th·ªß t∆∞·ªõng Ch√≠nh ph·ªß v√† c√°c th√¥ng tin quan tr·ªçng kh√°c","Government organization","https://scontent.fcph4-1.fna.fbcdn.net/v/t39.30808-1/452958737_925975866233861_1316250170357088183_n.jpg?stp=dst-jpg_s200x200_tt6&_nc_cat=1&ccb=1-7&_nc_sid=2d3e12&_nc_ohc=3Fz2WR_ktWkQ7kNvgGDHQ6d&_nc_oc=AdjPmhlbg07_AufE-skww2hhW6_UkR8yJlENNoeJqlNLgvRcs1aVkJ6L7-gZvyi1QKk&_nc_zt=24&_nc_ht=scontent.fcph4-1.fna&_nc_gid=AnQAJjhTqtP2Modch6Nu8ek&oh=00_AYFlc98_76Psx9gRmymGEv_-U-U6veiuMgHtye_pyLywpg&oe=67D36686",,,6200000,false,,,,,,,"https://www.facebook.com/thongtinchinhphu","https://scontent.fcph4-1.fna.fbcdn.net/v/t39.30808-6/459177468_957930123038435_2430169465116552305_n.jpg?stp=dst-jpg_s960x960_tt6&_nc_cat=111&ccb=1-7&_nc_sid=cc71e4&_nc_ohc=t51uFdKKVqQQ7kNvgGYCPpx&_nc_oc=Adh1MK4lUY8d7KL72v3zsJ7JaCZC2IGBnG1U1dr05c6I_9E2ns6Up-GBbXmyCmQRhqw&_nc_zt=23&_nc_ht=scontent.fcph4-1.fna&_nc_gid=AnQAJjhTqtP2Modch6Nu8ek&oh=00_AYG_V5fr7BwMfBPBQMjd_hKUsr40p3d0VWJDHPwTWwK8Dw&oe=67D349B7","https://scontent.fcph4-1.fna.fbcdn.net/v/t39.30808-1/452958737_925975866233861_1316250170357088183_n.jpg?stp=dst-jpg_s200x200_tt6&_nc_cat=1&ccb=1-7&_nc_sid=2d3e12&_nc_ohc=3Fz2WR_ktWkQ7kNvgGDHQ6d&_nc_oc=AdjPmhlbg07_AufE-skww2hhW6_UkR8yJlENNoeJqlNLgvRcs1aVkJ6L7-gZvyi1QKk&_nc_zt=24&_nc_ht=scontent.fcph4-1.fna&_nc_gid=AnQAJjhTqtP2Modch6Nu8ek&oh=00_AYFlc98_76Psx9gRmymGEv_-U-U6veiuMgHtye_pyLywpg&oe=67D36686","thongtinchinhphu",,false,,"928440529320728",,13153,,,,,,,"Post",,,,,"[{""type"":""Like"",""reaction_count"":11174},{""type"":""Love"",""reaction_count"":1900},{""type"":""Care"",""reaction_count"":64},{""type"":""Wow"",""reaction_count"":9},{""type"":""Haha"",""reaction_count"":5},{""type"":""Angry"",""reaction_count"":1}]",true,,,,"2015-10-01T00:00:00.000Z",,,,"2025-03-09T12:17:16.969Z","{""url"":""https://www.facebook.com/thongtinchinhphu"",""num_of_posts"":500,""end_date"":""09-30-2024"",""start_date"":""""}",,,,
"https://www.facebook.com/thongtinchinhphu/posts/pfbid02Whf7qvUMq8o8Qtxs56aHgFUuTqtDf92KT8x3ZNRDS41FxBLzuu1a3AkSNyXFPt3al","928440529320728","https://www.facebook.com/thongtinchinhphu","Th√¥ng tin Ch√≠nh ph·ªß","üáªüá≥ ‚úà üáÆüá≥ T·ªëi nay, Th·ªß t∆∞·ªõng Ph·∫°m Minh Ch√≠nh l√™n ƒë∆∞·ªùng thƒÉm c·∫•p Nh√† n∆∞·ªõc t·ªõi ·∫§n ƒê·ªô","2024-07-30T14:14:03.000Z",,1,76,"{""type"":""Like"",""num"":11174}","Th√¥ng tin Ch√≠nh ph·ªß","100064643681682","C·∫≠p nh·∫≠t t·ªõi ƒë·ªìng b√†o v·ªÅ ho·∫°t ƒë·ªông, ch·ªâ ƒë·∫°o ƒëi·ªÅu h√†nh c·ªßa Ch√≠nh ph·ªß, Th·ªß t∆∞·ªõng Ch√≠nh ph·ªß v√† c√°c th√¥ng tin quan tr·ªçng kh√°c","Government organization","https://scontent.fagc3-2.fna.fbcdn.net/v/t39.30808-1/452958737_925975866233861_1316250170357088183_n.jpg?stp=dst-jpg_s200x200_tt6&_nc_cat=1&ccb=1-7&_nc_sid=2d3e12&_nc_ohc=3Fz2WR_ktWkQ7kNvgHoIF__&_nc_oc=Adg_49EzaF_C3I96FT7jpQ1L2gj-0Vun--1dgDoQ37ygcEbccwyYFv4uLku_wvTasS8&_nc_zt=24&_nc_ht=scontent.fagc3-2.fna&_nc_gid=A3sZW7JyUWO4ido0pvA9vFU&oh=00_AYF07pHR-dPlhvh4o1jbMn60uBlYvCWKaFzt9Jrwtcylow&oe=67D36686",,,6200000,false,,,,,,,"https://www.facebook.com/thongtinchinhphu","https://scontent-bos5-1.xx.fbcdn.net/v/t39.30808-6/459177468_957930123038435_2430169465116552305_n.jpg?stp=dst-jpg_s960x960_tt6&_nc_cat=111&ccb=1-7&_nc_sid=cc71e4&_nc_ohc=t51uFdKKVqQQ7kNvgE_qZ_F&_nc_oc=AdhSq_R_hAvBNTb-pdCyCXC2ppb8wSUsegHZKycAaYQYoDFJ76aHSPKjAKXC00_UzhI&_nc_zt=23&_nc_ht=scontent-bos5-1.xx&_nc_gid=A3sZW7JyUWO4ido0pvA9vFU&oh=00_AYGPGNuYAXdjqMQMP7eqMjVjwrsb_nlzftKvnFfmkgKf6A&oe=67D349B7","https://scontent.fagc3-2.fna.fbcdn.net/v/t39.30808-1/452958737_925975866233861_1316250170357088183_n.jpg?stp=dst-jpg_s200x200_tt6&_nc_cat=1&ccb=1-7&_nc_sid=2d3e12&_nc_ohc=3Fz2WR_ktWkQ7kNvgHoIF__&_nc_oc=Adg_49EzaF_C3I96FT7jpQ1L2gj-0Vun--1dgDoQ37ygcEbccwyYFv4uLku_wvTasS8&_nc_zt=24&_nc_ht=scontent.fagc3-2.fna&_nc_gid=A3sZW7JyUWO4ido0pvA9vFU&oh=00_AYF07pHR-dPlhvh4o1jbMn60uBlYvCWKaFzt9Jrwtcylow&oe=67D36686","thongtinchinhphu",,false,,"928440529320728",,13153,,,,,,,"Post",,,,,"[{""type"":""Like"",""reaction_count"":11174},{""type"":""Love"",""reaction_count"":1900},{""type"":""Care"",""reaction_count"":64},{""type"":""Wow"",""reaction_count"":9},{""type"":""Haha"",""reaction_count"":5},{""type"":""Angry"",""reaction_count"":1}]",true,,,,"2015-10-01T00:00:00.000Z",,,,"2025-03-09T12:18:38.293Z","{""url"":""https://www.facebook.com/thongtinchinhphu"",""num_of_posts"":500,""end_date"":""09-30-2024"",""start_date"":""""}",,,,
"https://www.facebook.com/thongtinchinhphu/posts/pfbid02Whf7qvUMq8o8Qtxs56aHgFUuTqtDf92KT8x3ZNRDS41FxBLzuu1a3AkSNyXFPt3al","928440529320728","https://www.facebook.com/thongtinchinhphu","Th√¥ng tin Ch√≠nh ph·ªß","üáªüá≥ ‚úà üáÆüá≥ T·ªëi nay, Th·ªß t∆∞·ªõng Ph·∫°m Minh Ch√≠nh l√™n ƒë∆∞·ªùng thƒÉm c·∫•p Nh√† n∆∞·ªõc t·ªõi ·∫§n ƒê·ªô","2024-07-30T14:14:03.000Z",,1,76,"{""type"":""Like"",""num"":11174}","Th√¥ng tin Ch√≠nh ph·ªß","100064643681682","C·∫≠p nh·∫≠t t·ªõi ƒë·ªìng b√†o v·ªÅ ho·∫°t ƒë·ªông, ch·ªâ ƒë·∫°o ƒëi·ªÅu h√†nh c·ªßa Ch√≠nh ph·ªß, Th·ªß t∆∞·ªõng Ch√≠nh ph·ªß v√† c√°c th√¥ng tin quan tr·ªçng kh√°c","Government organization","https://scontent.fblb2-1.fna.fbcdn.net/v/t39.30808-1/452958737_925975866233861_1316250170357088183_n.jpg?stp=dst-jpg_s200x200_tt6&_nc_cat=1&ccb=1-7&_nc_sid=2d3e12&_nc_ohc=3Fz2WR_ktWkQ7kNvgEB78RA&_nc_oc=Adjw_GPMg03VZag4y-XDnKJUgJ22vNRgrQP6DiRI5dNgIi8O4VjpjUZzR_koFNN_H4M&_nc_zt=24&_nc_ht=scontent.fblb2-1.fna&_nc_gid=Adoz0bLDw6rws7gSiF7-5MC&oh=00_AYGHeaKrZER8SNgbe8RUytWNK5jWYmNBNQmBVWVdSmXALQ&oe=67D36686",,,6200000,false,,,,,,,"https://www.facebook.com/thongtinchinhphu","https://scontent.fblb2-1.fna.fbcdn.net/v/t39.30808-6/459177468_957930123038435_2430169465116552305_n.jpg?stp=dst-jpg_s960x960_tt6&_nc_cat=111&ccb=1-7&_nc_sid=cc71e4&_nc_ohc=t51uFdKKVqQQ7kNvgFXrlJW&_nc_oc=AdjG98Ry09PwuCKXuhtI7njQ4nS-i7I1L8FNUEj5zyMbMlFOYON2oy-KOUTkCOfVsqI&_nc_zt=23&_nc_ht=scontent.fblb2-1.fna&_nc_gid=Adoz0bLDw6rws7gSiF7-5MC&oh=00_AYH4Q3v6sZqe5D6jmL4sGkUnqYcVYhPEf1Efaft-4D5GMA&oe=67D349B7","https://scontent.fblb2-1.fna.fbcdn.net/v/t39.30808-1/452958737_925975866233861_1316250170357088183_n.jpg?stp=dst-jpg_s200x200_tt6&_nc_cat=1&ccb=1-7&_nc_sid=2d3e12&_nc_ohc=3Fz2WR_ktWkQ7kNvgEB78RA&_nc_oc=Adjw_GPMg03VZag4y-XDnKJUgJ22vNRgrQP6DiRI5dNgIi8O4VjpjUZzR_koFNN_H4M&_nc_zt=24&_nc_ht=scontent.fblb2-1.fna&_nc_gid=Adoz0bLDw6rws7gSiF7-5MC&oh=00_AYGHeaKrZER8SNgbe8RUytWNK5jWYmNBNQmBVWVdSmXALQ&oe=67D36686","thongtinchinhphu",,false,,"928440529320728",,13153,,,,,,,"Post",,,,,"[{""type"":""Like"",""reaction_count"":11174},{""type"":""Love"",""reaction_count"":1900},{""type"":""Care"",""reaction_count"":64},{""type"":""Wow"",""reaction_count"":9},{""type"":""Haha"",""reaction_count"":5},{""type"":""Angry"",""reaction_count"":1}]",true,,,,"2015-10-01T00:00:00.000Z",,,,"2025-03-09T12:22:16.661Z","{""url"":""https://www.facebook.com/thongtinchinhphu"",""num_of_posts"":500,""end_date"":""09-30-2024"",""start_date"":""""}",,,,
"https://www.facebook.com/thongtinchinhphu/posts/pfbid02Whf7qvUMq8o8Qtxs56aHgFUuTqtDf92KT8x3ZNRDS41FxBLzuu1a3AkSNyXFPt3al","928440529320728","https://www.facebook.com/thongtinchinhphu","Th√¥ng tin Ch√≠nh ph·ªß","üáªüá≥ ‚úà üáÆüá≥ T·ªëi nay, Th·ªß t∆∞·ªõng Ph·∫°m Minh Ch√≠nh l√™n ƒë∆∞·ªùng thƒÉm c·∫•p Nh√† n∆∞·ªõc t·ªõi ·∫§n ƒê·ªô","2024-07-30T14:14:03.000Z",,1,76,"{""type"":""Like"",""num"":11174}","Th√¥ng tin Ch√≠nh ph·ªß","100064643681682","C·∫≠p nh·∫≠t t·ªõi ƒë·ªìng b√†o v·ªÅ ho·∫°t ƒë·ªông, ch·ªâ ƒë·∫°o ƒëi·ªÅu h√†nh c·ªßa Ch√≠nh ph·ªß, Th·ªß t∆∞·ªõng Ch√≠nh ph·ªß v√† c√°c th√¥ng tin quan tr·ªçng kh√°c","Government organization","https://scontent-fra5-2.xx.fbcdn.net/v/t39.30808-1/452958737_925975866233861_1316250170357088183_n.jpg?stp=dst-jpg_s200x200_tt6&_nc_cat=1&ccb=1-7&_nc_sid=2d3e12&_nc_ohc=3Fz2WR_ktWkQ7kNvgHBSRtG&_nc_oc=AdjPpahY6D_ecfQ-lstIBK5sY2Zb3a9XqKrhvBVw1tdsPuWJysDKCks0vVhC_tO6zEE&_nc_zt=24&_nc_ht=scontent-fra5-2.xx&_nc_gid=AsVcjD7IhLQrH-G9yJn9k86&oh=00_AYEqCF8eyYdtpPa3k8xxajKeHoxLZK5pZKjxZZM2a-4oCA&oe=67D36686",,,6200000,false,,,,,,,"https://www.facebook.com/thongtinchinhphu","https://scontent-fra3-2.xx.fbcdn.net/v/t39.30808-6/459177468_957930123038435_2430169465116552305_n.jpg?stp=dst-jpg_s960x960_tt6&_nc_cat=111&ccb=1-7&_nc_sid=cc71e4&_nc_ohc=t51uFdKKVqQQ7kNvgFZi3QE&_nc_oc=Adh-uML4eN87Ia7jI0WyYz0wLu3uDH9hc9TeKCRUJ-WrNkTleKHqGjAZ_S9pxP4Hen8&_nc_zt=23&_nc_ht=scontent-fra3-2.xx&_nc_gid=AsVcjD7IhLQrH-G9yJn9k86&oh=00_AYEgI7bHVlc0Lfb4XfGk7xzLnbGUYF137u1lADybJ3yTYw&oe=67D349B7","https://scontent-fra5-2.xx.fbcdn.net/v/t39.30808-1/452958737_925975866233861_1316250170357088183_n.jpg?stp=dst-jpg_s200x200_tt6&_nc_cat=1&ccb=1-7&_nc_sid=2d3e12&_nc_ohc=3Fz2WR_ktWkQ7kNvgHBSRtG&_nc_oc=AdjPpahY6D_ecfQ-lstIBK5sY2Zb3a9XqKrhvBVw1tdsPuWJysDKCks0vVhC_tO6zEE&_nc_zt=24&_nc_ht=scontent-fra5-2.xx&_nc_gid=AsVcjD7IhLQrH-G9yJn9k86&oh=00_AYEqCF8eyYdtpPa3k8xxajKeHoxLZK5pZKjxZZM2a-4oCA&oe=67D36686","thongtinchinhphu",,false,,"928440529320728",,13153,,,,,,,"Post",,,,,"[{""type"":""Like"",""reaction_count"":11174},{""type"":""Love"",""reaction_count"":1900},{""type"":""Care"",""reaction_count"":64},{""type"":""Wow"",""reaction_count"":9},{""type"":""Haha"",""reaction_count"":5},{""type"":""Angry"",""reaction_count"":1}]",true,,,,"2015-10-01T00:00:00.000Z",,,,"2025-03-09T12:23:53.980Z","{""url"":""https://www.facebook.com/thongtinchinhphu"",""num_of_posts"":500,""end_date"":""09-30-2024"",""start_date"":""""}",,,,
"https://www.facebook.com/thongtinchinhphu/posts/pfbid02Whf7qvUMq8o8Qtxs56aHgFUuTqtDf92KT8x3ZNRDS41FxBLzuu1a3AkSNyXFPt3al","928440529320728","https://www.facebook.com/thongtinchinhphu","Th√¥ng tin Ch√≠nh ph·ªß","üáªüá≥ ‚úà üáÆüá≥ T·ªëi nay, Th·ªß t∆∞·ªõng Ph·∫°m Minh Ch√≠nh l√™n ƒë∆∞·ªùng thƒÉm c·∫•p Nh√† n∆∞·ªõc t·ªõi ·∫§n ƒê·ªô","2024-07-30T14:14:03.000Z",,1,76,"{""type"":""Like"",""num"":11174}","Th√¥ng tin Ch√≠nh ph·ªß","100064643681682","C·∫≠p nh·∫≠t t·ªõi ƒë·ªìng b√†o v·ªÅ ho·∫°t ƒë·ªông, ch·ªâ ƒë·∫°o ƒëi·ªÅu h√†nh c·ªßa Ch√≠nh ph·ªß, Th·ªß t∆∞·ªõng Ch√≠nh ph·ªß v√† c√°c th√¥ng tin quan tr·ªçng kh√°c","Government organization","https://scontent-msp1-1.xx.fbcdn.net/v/t39.30808-1/452958737_925975866233861_1316250170357088183_n.jpg?stp=dst-jpg_s200x200_tt6&_nc_cat=1&ccb=1-7&_nc_sid=2d3e12&_nc_ohc=3Fz2WR_ktWkQ7kNvgHwnRCP&_nc_oc=AdibozMUptEtzf_BtwXv_0mDE3YZeYAZSXG5w3UNgaFtGZhLtshq8ErjEM8McXEB8Ec&_nc_zt=24&_nc_ht=scontent-msp1-1.xx&_nc_gid=ApMLRd-gQdDGemJDC_FV6sb&oh=00_AYFsFdS0Kx3DcHz0dgYbTRToP2pSgn1C276909DTcH5yLA&oe=67D36686",,,6200000,false,,,,,,,"https://www.facebook.com/thongtinchinhphu","https://scontent-msp1-1.xx.fbcdn.net/v/t39.30808-6/459177468_957930123038435_2430169465116552305_n.jpg?stp=dst-jpg_s960x960_tt6&_nc_cat=111&ccb=1-7&_nc_sid=cc71e4&_nc_ohc=t51uFdKKVqQQ7kNvgFo4Pq4&_nc_oc=AdhHsw0iWwPN9_6H6cUVLLxJfTQjryKh6izqu8yeILFDX5b0pN8bOGZa9opAncXwWug&_nc_zt=23&_nc_ht=scontent-msp1-1.xx&_nc_gid=ApMLRd-gQdDGemJDC_FV6sb&oh=00_AYHkVWXg6RFR-s0JI6lrN07zOeX3snxrc3_2Jhnj2tN5QA&oe=67D349B7","https://scontent-msp1-1.xx.fbcdn.net/v/t39.30808-1/452958737_925975866233861_1316250170357088183_n.jpg?stp=dst-jpg_s200x200_tt6&_nc_cat=1&ccb=1-7&_nc_sid=2d3e12&_nc_ohc=3Fz2WR_ktWkQ7kNvgHwnRCP&_nc_oc=AdibozMUptEtzf_BtwXv_0mDE3YZeYAZSXG5w3UNgaFtGZhLtshq8ErjEM8McXEB8Ec&_nc_zt=24&_nc_ht=scontent-msp1-1.xx&_nc_gid=ApMLRd-gQdDGemJDC_FV6sb&oh=00_AYFsFdS0Kx3DcHz0dgYbTRToP2pSgn1C276909DTcH5yLA&oe=67D36686","thongtinchinhphu",,false,,"928440529320728",,13153,,,,,,,"Post",,,,,"[{""type"":""Like"",""reaction_count"":11174},{""type"":""Love"",""reaction_count"":1900},{""type"":""Care"",""reaction_count"":64},{""type"":""Wow"",""reaction_count"":9},{""type"":""Haha"",""reaction_count"":5},{""type"":""Angry"",""reaction_count"":1}]",true,,,,"2015-10-01T00:00:00.000Z",,,,"2025-03-09T12:29:36.762Z","{""url"":""https://www.facebook.com/thongtinchinhphu"",""num_of_posts"":500,""end_date"":""09-30-2024"",""start_date"":""""}",,,,
"https://www.facebook.com/thongtinchinhphu/posts/pfbid02Whf7qvUMq8o8Qtxs56aHgFUuTqtDf92KT8x3ZNRDS41FxBLzuu1a3AkSNyXFPt3al","928440529320728","https://www.facebook.com/thongtinchinhphu","Th√¥ng tin Ch√≠nh ph·ªß","üáªüá≥ ‚úà üáÆüá≥ T·ªëi nay, Th·ªß t∆∞·ªõng Ph·∫°m Minh Ch√≠nh l√™n ƒë∆∞·ªùng thƒÉm c·∫•p Nh√† n∆∞·ªõc t·ªõi ·∫§n ƒê·ªô","2024-07-30T14:14:03.000Z",,1,76,"{""type"":""Like"",""num"":11174}","Th√¥ng tin Ch√≠nh ph·ªß","100064643681682","C·∫≠p nh·∫≠t t·ªõi ƒë·ªìng b√†o v·ªÅ ho·∫°t ƒë·ªông, ch·ªâ ƒë·∫°o ƒëi·ªÅu h√†nh c·ªßa Ch√≠nh ph·ªß, Th·ªß t∆∞·ªõng Ch√≠nh ph·ªß v√† c√°c th√¥ng tin quan tr·ªçng kh√°c","Government organization","https://scontent.fmil1-1.fna.fbcdn.net/v/t39.30808-1/452958737_925975866233861_1316250170357088183_n.jpg?stp=dst-jpg_s200x200_tt6&_nc_cat=1&ccb=1-7&_nc_sid=2d3e12&_nc_ohc=3Fz2WR_ktWkQ7kNvgEAsi3r&_nc_oc=AdhyzB8bT5P9rPwcY0b7YOjIs4bDfYiVaovR29bil5u8f6Yks-K4Xvf5SdmK2oKrJC8&_nc_zt=24&_nc_ht=scontent.fmil1-1.fna&_nc_gid=AyGR8XLWz4dsnJXpEHHC4rf&oh=00_AYFN8o_BQxJhlEWofasZq4oguVXQgMpsq9lCF5oEiTMfRQ&oe=67D36686",,,6200000,false,,,,,,,"https://www.facebook.com/thongtinchinhphu","https://scontent.fmil1-1.fna.fbcdn.net/v/t39.30808-6/459177468_957930123038435_2430169465116552305_n.jpg?stp=dst-jpg_s960x960_tt6&_nc_cat=111&ccb=1-7&_nc_sid=cc71e4&_nc_ohc=t51uFdKKVqQQ7kNvgFPLdez&_nc_oc=AdivecAh1Zadz83-srSLAmJ2G48VM1LiGVlFcQwG1qvdeqZLTPDUGQ3eCbijFDA_688&_nc_zt=23&_nc_ht=scontent.fmil1-1.fna&_nc_gid=AyGR8XLWz4dsnJXpEHHC4rf&oh=00_AYF9T5o9JeQjRD3dC0JRsF2glBb6G6gcbg2zfFw8BtZz-w&oe=67D349B7","https://scontent.fmil1-1.fna.fbcdn.net/v/t39.30808-1/452958737_925975866233861_1316250170357088183_n.jpg?stp=dst-jpg_s200x200_tt6&_nc_cat=1&ccb=1-7&_nc_sid=2d3e12&_nc_ohc=3Fz2WR_ktWkQ7kNvgEAsi3r&_nc_oc=AdhyzB8bT5P9rPwcY0b7YOjIs4bDfYiVaovR29bil5u8f6Yks-K4Xvf5SdmK2oKrJC8&_nc_zt=24&_nc_ht=scontent.fmil1-1.fna&_nc_gid=AyGR8XLWz4dsnJXpEHHC4rf&oh=00_AYFN8o_BQxJhlEWofasZq4oguVXQgMpsq9lCF5oEiTMfRQ&oe=67D36686","thongtinchinhphu",,false,,"928440529320728",,13153,,,,,,,"Post",,,,,"[{""type"":""Like"",""reaction_count"":11174},{""type"":""Love"",""reaction_count"":1900},{""type"":""Care"",""reaction_count"":64},{""type"":""Wow"",""reaction_count"":9},{""type"":""Haha"",""reaction_count"":5},{""type"":""Angry"",""reaction_count"":1}]",true,,,,"2015-10-01T00:00:00.000Z",,,,"2025-03-09T12:31:14.284Z","{""url"":""https://www.facebook.com/thongtinchinhphu"",""num_of_posts"":500,""end_date"":""09-30-2024"",""start_date"":""""}",,,,
"https://www.facebook.com/thongtinchinhphu/posts/pfbid02Whf7qvUMq8o8Qtxs56aHgFUuTqtDf92KT8x3ZNRDS41FxBLzuu1a3AkSNyXFPt3al","928440529320728","https://www.facebook.com/thongtinchinhphu","Th√¥ng tin Ch√≠nh ph·ªß","üáªüá≥ ‚úà üáÆüá≥ T·ªëi nay, Th·ªß t∆∞·ªõng Ph·∫°m Minh Ch√≠nh l√™n ƒë∆∞·ªùng thƒÉm c·∫•p Nh√† n∆∞·ªõc t·ªõi ·∫§n ƒê·ªô","2024-07-30T14:14:03.000Z",,1,76,"{""type"":""Like"",""num"":11174}","Th√¥ng tin Ch√≠nh ph·ªß","100064643681682","C·∫≠p nh·∫≠t t·ªõi ƒë·ªìng b√†o v·ªÅ ho·∫°t ƒë·ªông, ch·ªâ ƒë·∫°o ƒëi·ªÅu h√†nh c·ªßa Ch√≠nh ph·ªß, Th·ªß t∆∞·ªõng Ch√≠nh ph·ªß v√† c√°c th√¥ng tin quan tr·ªçng kh√°c","Government organization","https://scontent-dfw5-2.xx.fbcdn.net/v/t39.30808-1/452958737_925975866233861_1316250170357088183_n.jpg?stp=dst-jpg_s200x200_tt6&_nc_cat=1&ccb=1-7&_nc_sid=2d3e12&_nc_ohc=3Fz2WR_ktWkQ7kNvgGiXMX6&_nc_oc=Adjc8Ivl4lrlThjJDkOV1_IQM6_4t1yNsobwtMxU7BNNQlZe4gYr9_UnhOifoXS0BDM&_nc_zt=24&_nc_ht=scontent-dfw5-2.xx&_nc_gid=AHOL8-r92gkgb2_wTSdABAX&oh=00_AYFn8hgBaZU2yxBNZeIZAhhoUXISry-EqBJpFnIsgntspg&oe=67D36686",,,6200000,false,,,,,,,"https://www.facebook.com/thongtinchinhphu","https://scontent-dfw5-1.xx.fbcdn.net/v/t39.30808-6/459177468_957930123038435_2430169465116552305_n.jpg?stp=dst-jpg_s960x960_tt6&_nc_cat=111&ccb=1-7&_nc_sid=cc71e4&_nc_ohc=t51uFdKKVqQQ7kNvgFFhweD&_nc_oc=Adgug1lAoBP0Ga8YeJtj6f32MSfp8_ibAQjR6gHzpNz4RP0O2jcOpRst4auoklYgRrw&_nc_zt=23&_nc_ht=scontent-dfw5-1.xx&_nc_gid=AHOL8-r92gkgb2_wTSdABAX&oh=00_AYE25b15eEoNxs9A1SN7QNi4HF2yS3XT_Pn0X3J99YfnLQ&oe=67D349B7","https://scontent-dfw5-2.xx.fbcdn.net/v/t39.30808-1/452958737_925975866233861_1316250170357088183_n.jpg?stp=dst-jpg_s200x200_tt6&_nc_cat=1&ccb=1-7&_nc_sid=2d3e12&_nc_ohc=3Fz2WR_ktWkQ7kNvgGiXMX6&_nc_oc=Adjc8Ivl4lrlThjJDkOV1_IQM6_4t1yNsobwtMxU7BNNQlZe4gYr9_UnhOifoXS0BDM&_nc_zt=24&_nc_ht=scontent-dfw5-2.xx&_nc_gid=AHOL8-r92gkgb2_wTSdABAX&oh=00_AYFn8hgBaZU2yxBNZeIZAhhoUXISry-EqBJpFnIsgntspg&oe=67D36686","thongtinchinhphu",,false,,"928440529320728",,13153,,,,,,,"Post",,,,,"[{""type"":""Like"",""reaction_count"":11174},{""type"":""Love"",""reaction_count"":1900},{""type"":""Care"",""reaction_count"":64},{""type"":""Wow"",""reaction_count"":9},{""type"":""Haha"",""reaction_count"":5},{""type"":""Angry"",""reaction_count"":1}]",true,,,,"2015-10-01T00:00:00.000Z",,,,"2025-03-09T12:35:28.183Z","{""url"":""https://www.facebook.com/thongtinchinhphu"",""num_of_posts"":500,""end_date"":""09-30-2024"",""start_date"":""""}",,,,
"https://www.facebook.com/thongtinchinhphu/posts/pfbid02Whf7qvUMq8o8Qtxs56aHgFUuTqtDf92KT8x3ZNRDS41FxBLzuu1a3AkSNyXFPt3al","928440529320728","https://www.facebook.com/thongtinchinhphu","Th√¥ng tin Ch√≠nh ph·ªß","üáªüá≥ ‚úà üáÆüá≥ T·ªëi nay, Th·ªß t∆∞·ªõng Ph·∫°m Minh Ch√≠nh l√™n ƒë∆∞·ªùng thƒÉm c·∫•p Nh√† n∆∞·ªõc t·ªõi ·∫§n ƒê·ªô","2024-07-30T14:14:03.000Z",,1,76,"{""type"":""Like"",""num"":11174}","Th√¥ng tin Ch√≠nh ph·ªß","100064643681682","C·∫≠p nh·∫≠t t·ªõi ƒë·ªìng b√†o v·ªÅ ho·∫°t ƒë·ªông, ch·ªâ ƒë·∫°o ƒëi·ªÅu h√†nh c·ªßa Ch√≠nh ph·ªß, Th·ªß t∆∞·ªõng Ch√≠nh ph·ªß v√† c√°c th√¥ng tin quan tr·ªçng kh√°c","Government organization","https://scontent.frix1-1.fna.fbcdn.net/v/t39.30808-1/452958737_925975866233861_1316250170357088183_n.jpg?stp=dst-jpg_s200x200_tt6&_nc_cat=1&ccb=1-7&_nc_sid=2d3e12&_nc_ohc=3Fz2WR_ktWkQ7kNvgF3F8ef&_nc_oc=AdikjwMSbeHonSvA5TgTlSKzoILbiVNsommO_KuXZGHlnUdVF4N5RV6wn2nzwHjVNwo&_nc_zt=24&_nc_ht=scontent.frix1-1.fna&_nc_gid=Ap4g93vDZ5N1Ww_e8I6GAGg&oh=00_AYEXo_n4JQPtsFfQFRrKXl6nLJhr8tvhC7bpCOpBwI3XuQ&oe=67D36686",,,6200000,false,,,,,,,"https://www.facebook.com/thongtinchinhphu","https://scontent.frix1-1.fna.fbcdn.net/v/t39.30808-6/459177468_957930123038435_2430169465116552305_n.jpg?stp=dst-jpg_s960x960_tt6&_nc_cat=111&ccb=1-7&_nc_sid=cc71e4&_nc_ohc=t51uFdKKVqQQ7kNvgF6ZBCj&_nc_oc=AdhwSIBMvTqzafXaFb-R9rh4yg77kBCxqvAFTzUybHg8AMgQx0Msaw037q1VDe5V0h4&_nc_zt=23&_nc_ht=scontent.frix1-1.fna&_nc_gid=Ap4g93vDZ5N1Ww_e8I6GAGg&oh=00_AYGEN1cEeDBUJXwCPKxxaClYeNFJmBnQAnplbPajraHmwA&oe=67D349B7","https://scontent.frix1-1.fna.fbcdn.net/v/t39.30808-1/452958737_925975866233861_1316250170357088183_n.jpg?stp=dst-jpg_s200x200_tt6&_nc_cat=1&ccb=1-7&_nc_sid=2d3e12&_nc_ohc=3Fz2WR_ktWkQ7kNvgF3F8ef&_nc_oc=AdikjwMSbeHonSvA5TgTlSKzoILbiVNsommO_KuXZGHlnUdVF4N5RV6wn2nzwHjVNwo&_nc_zt=24&_nc_ht=scontent.frix1-1.fna&_nc_gid=Ap4g93vDZ5N1Ww_e8I6GAGg&oh=00_AYEXo_n4JQPtsFfQFRrKXl6nLJhr8tvhC7bpCOpBwI3XuQ&oe=67D36686","thongtinchinhphu",,false,,"928440529320728",,13153,,,,,,,"Post",,,,,"[{""type"":""Like"",""reaction_count"":11174},{""type"":""Love"",""reaction_count"":1900},{""type"":""Care"",""reaction_count"":64},{""type"":""Wow"",""reaction_count"":9},{""type"":""Haha"",""reaction_count"":5},{""type"":""Angry"",""reaction_count"":1}]",true,,,,"2015-10-01T00:00:00.000Z",,,,"2025-03-09T12:39:08.388Z","{""url"":""https://www.facebook.com/thongtinchinhphu"",""num_of_posts"":500,""end_date"":""09-30-2024"",""start_date"":""""}",,,,
"https://www.facebook.com/thongtinchinhphu/posts/pfbid02Whf7qvUMq8o8Qtxs56aHgFUuTqtDf92KT8x3ZNRDS41FxBLzuu1a3AkSNyXFPt3al","928440529320728","https://www.facebook.com/thongtinchinhphu","Th√¥ng tin Ch√≠nh ph·ªß","üáªüá≥ ‚úà üáÆüá≥ T·ªëi nay, Th·ªß t∆∞·ªõng Ph·∫°m Minh Ch√≠nh l√™n ƒë∆∞·ªùng thƒÉm c·∫•p Nh√† n∆∞·ªõc t·ªõi ·∫§n ƒê·ªô","2024-07-30T14:14:03.000Z",,1,76,"{""type"":""Like"",""num"":11174}","Th√¥ng tin Ch√≠nh ph·ªß","100064643681682","C·∫≠p nh·∫≠t t·ªõi ƒë·ªìng b√†o v·ªÅ ho·∫°t ƒë·ªông, ch·ªâ ƒë·∫°o ƒëi·ªÅu h√†nh c·ªßa Ch√≠nh ph·ªß, Th·ªß t∆∞·ªõng Ch√≠nh ph·ªß v√† c√°c th√¥ng tin quan tr·ªçng kh√°c","Government organization","https://scontent.fsof9-1.fna.fbcdn.net/v/t39.30808-1/452958737_925975866233861_1316250170357088183_n.jpg?stp=dst-jpg_s200x200_tt6&_nc_cat=1&ccb=1-7&_nc_sid=2d3e12&_nc_ohc=3Fz2WR_ktWkQ7kNvgFQ0EDR&_nc_oc=AdjkdCkOTmfHtNAUc1QwG0BxBo-QfxJ325SEogCZ-iR3_0BR35B_Z_t9oAs5UFV5NFY&_nc_zt=24&_nc_ht=scontent.fsof9-1.fna&_nc_gid=ANwsdsJp-GuAzhvYOMTzXoL&oh=00_AYH4xQAb1_8yLC7YJNhbIYKB77wnT4QJza5EQ7fbloT9zw&oe=67D36686",,,6200000,false,,,,,,,"https://www.facebook.com/thongtinchinhphu","https://scontent.fsof9-1.fna.fbcdn.net/v/t39.30808-6/459177468_957930123038435_2430169465116552305_n.jpg?stp=dst-jpg_s960x960_tt6&_nc_cat=111&ccb=1-7&_nc_sid=cc71e4&_nc_ohc=t51uFdKKVqQQ7kNvgFbFS1v&_nc_oc=Adi5wcsnl-kBfaMB2g5lji3ZN67mtQ2SpGrjJa2QnGR8hqxS_Byj2V9eXAt7G2pAyaA&_nc_zt=23&_nc_ht=scontent.fsof9-1.fna&_nc_gid=ANwsdsJp-GuAzhvYOMTzXoL&oh=00_AYGbqGIm70Gt8fnLsHXy9oaTdf8Kxu2j0TRc7gUkaE8udg&oe=67D349B7","https://scontent.fsof9-1.fna.fbcdn.net/v/t39.30808-1/452958737_925975866233861_1316250170357088183_n.jpg?stp=dst-jpg_s200x200_tt6&_nc_cat=1&ccb=1-7&_nc_sid=2d3e12&_nc_ohc=3Fz2WR_ktWkQ7kNvgFQ0EDR&_nc_oc=AdjkdCkOTmfHtNAUc1QwG0BxBo-QfxJ325SEogCZ-iR3_0BR35B_Z_t9oAs5UFV5NFY&_nc_zt=24&_nc_ht=scontent.fsof9-1.fna&_nc_gid=ANwsdsJp-GuAzhvYOMTzXoL&oh=00_AYH4xQAb1_8yLC7YJNhbIYKB77wnT4QJza5EQ7fbloT9zw&oe=67D36686","thongtinchinhphu",,false,,"928440529320728",,13153,,,,,,,"Post",,,,,"[{""type"":""Like"",""reaction_count"":11174},{""type"":""Love"",""reaction_count"":1900},{""type"":""Care"",""reaction_count"":64},{""type"":""Wow"",""reaction_count"":9},{""type"":""Haha"",""reaction_count"":5},{""type"":""Angry"",""reaction_count"":1}]",true,,,,"2015-10-01T00:00:00.000Z",,,,"2025-03-09T12:40:29.229Z","{""url"":""https://www.facebook.com/thongtinchinhphu"",""num_of_posts"":500,""end_date"":""09-30-2024"",""start_date"":""""}",,,,
"https://www.facebook.com/thongtinchinhphu/posts/pfbid0bBFYEtNozrpuyfHKxiXg63zDjFH2zYb3XFAy3LfoGzJc4FFKrPB9TwuYAQmbv6PLl","928552012642913","https://www.facebook.com/thongtinchinhphu","Th√¥ng tin Ch√≠nh ph·ªß","üáªüá≥Ô∏èüéñÔ∏è B·ªî NHI·ªÜM TH·ª¶ TR∆Ø·ªûNG C∆† QUAN AN NINH ƒêI·ªÄU TRA B·ªò C√îNG AN 

---
üë§ Trung t∆∞·ªõng Ph·∫°m Th·∫ø T√πng, 52 tu·ªïi, qu√™ H∆∞ng Y√™n. 

√îng l√† th·∫°c sƒ© nghi·ªáp v·ª• c·∫£nh s√°t; tr√¨nh ƒë·ªô l√Ω lu·∫≠n ch√≠nh tr·ªã cao c·∫•p.

NƒÉm 2012, √¥ng l√† tr∆∞·ªüng C√¥ng an huy·ªán Kho√°i Ch√¢u, t·ªânh H∆∞ng Y√™n. 

NƒÉm 2014 √¥ng l√† Ph√≥ Gi√°m ƒë·ªëc C√¥ng an t·ªânh H∆∞ng Y√™n.

Th√°ng 10/2019, √¥ng gi·ªØ ch·ª©c Gi√°m ƒë·ªëc C√¥ng an t·ªânh B·∫Øc Ninh.

ƒê·∫øn nƒÉm 2021, √¥ng ƒë∆∞·ª£c ƒëi·ªÅu ƒë·ªông l√†m Gi√°m ƒë·ªëc C√¥ng an t·ªânh Ngh·ªá An.

Th√°ng 12/2023, √¥ng Ph·∫°m Th·∫ø T√πng ƒë√£ ƒë∆∞·ª£c ƒëi·ªÅu ƒë·ªông gi·ªØ ch·ª©c C·ª•c tr∆∞·ªüng C·ª•c An ninh ch√≠nh tr·ªã n·ªôi b·ªô, B·ªô C√¥ng an.

Th√°ng 7/2024, Trung t∆∞·ªõng Ph·∫°m Th·∫ø T√πng ƒë∆∞·ª£c b·ªï nhi·ªám ch·ª©c v·ª• Th·ª© tr∆∞·ªüng B·ªô C√¥ng an.

---
üìã Ng√†y 30/7, B·ªô C√¥ng an t·ªï ch·ª©c h·ªôi ngh·ªã giao ban ƒë√°nh gi√° t√¨nh h√¨nh, k·∫øt qu·∫£ c√¥ng t√°c th√°ng 7/2024, tri·ªÉn khai c√°c nhi·ªám v·ª• tr·ªçng t√¢m c√¥ng t√°c b·∫£o ƒë·∫£m an ninh, tr·∫≠t t·ª± th√°ng 8/2024.

T·∫°i h·ªôi ngh·ªã ƒë√£ di·ªÖn ra l·ªÖ b√†n giao, ph√¢n c√¥ng c√¥ng t√°c gi·ªØa Th∆∞·ª£ng t∆∞·ªõng L∆∞∆°ng Tam Quang, B√≠ th∆∞ ƒê·∫£ng ·ªßy C√¥ng an Trung ∆∞∆°ng, B·ªô tr∆∞·ªüng B·ªô C√¥ng an v√† Trung t∆∞·ªõng Ph·∫°m Th·∫ø T√πng, Th·ª© tr∆∞·ªüng B·ªô C√¥ng an.

Theo ƒë√≥, Ban t·ªï ch·ª©c ƒë√£ c√¥ng b·ªë quy·∫øt ƒë·ªãnh c·ªßa b·ªô tr∆∞·ªüng B·ªô C√¥ng an v·ªÅ vi·ªác b·ªï nhi·ªám ch·ª©c danh th·ªß tr∆∞·ªüng C∆° quan an ninh ƒëi·ªÅu tra B·ªô C√¥ng an ƒë·ªëi v·ªõi Trung t∆∞·ªõng Ph·∫°m Th·∫ø T√πng, Th·ª© tr∆∞·ªüng B·ªô C√¥ng an.

---
(·∫¢nh: B·ªô C√¥ng an)","2024-07-30T17:57:53.000Z",,0,335,"{""type"":""Like"",""num"":24664}","Th√¥ng tin Ch√≠nh ph·ªß","100064643681682","C·∫≠p nh·∫≠t t·ªõi ƒë·ªìng b√†o v·ªÅ ho·∫°t ƒë·ªông, ch·ªâ ƒë·∫°o ƒëi·ªÅu h√†nh c·ªßa Ch√≠nh ph·ªß, Th·ªß t∆∞·ªõng Ch√≠nh ph·ªß v√† c√°c th√¥ng tin quan tr·ªçng kh√°c","Government organization","https://scontent-dfw5-1.xx.fbcdn.net/v/t39.30808-1/452958737_925975866233861_1316250170357088183_n.jpg?stp=dst-jpg_s200x200_tt6&_nc_cat=1&ccb=1-7&_nc_sid=2d3e12&_nc_ohc=3Fz2WR_ktWkQ7kNvgHIH6ZZ&_nc_zt=24&_nc_ht=scontent-dfw5-1.xx&_nc_gid=AqAmtRIPbOwPkctM4Ivm_zj&oh=00_AYGQHn7EincqdpYBKuKUS41Ww8OW1OQEZTmGeg4xot0F0Q&oe=67D36686",,,6200000,false,,"[{""id"":""928551192642995"",""type"":""Photo"",""url"":""https://scontent-dfw5-1.xx.fbcdn.net/v/t39.30808-6/453486519_928551189309662_5175339672571555861_n.jpg?stp=dst-jpg_p526x296_tt6&_nc_cat=105&ccb=1-7&_nc_sid=127cfc&_nc_ohc=iTRmnfv4TekQ7kNvgE6C0Zw&_nc_zt=23&_nc_ht=scontent-dfw5-1.xx&_nc_gid=A0TJN4O7b8i3LGiCrJI1NKP&oh=00_AYGhINMdXW6h_phXONaSLL__nWCMjXBhjU2sijpjQO4Zxg&oe=67D3529C"",""video_url"":null}]",,,,,"https://www.facebook.com/thongtinchinhphu","https://scontent-dfw5-1.xx.fbcdn.net/v/t39.30808-6/459177468_957930123038435_2430169465116552305_n.jpg?stp=dst-jpg_s960x960_tt6&_nc_cat=111&ccb=1-7&_nc_sid=cc71e4&_nc_ohc=t51uFdKKVqQQ7kNvgESLB2-&_nc_zt=23&_nc_ht=scontent-dfw5-1.xx&_nc_gid=AqAmtRIPbOwPkctM4Ivm_zj&oh=00_AYGLNiHcD2JX1lh56XZvJWJVTYmA9JudgqCAJI-AE_cu0w&oe=67D349B7","https://scontent-dfw5-1.xx.fbcdn.net/v/t39.30808-1/452958737_925975866233861_1316250170357088183_n.jpg?stp=dst-jpg_s200x200_tt6&_nc_cat=1&ccb=1-7&_nc_sid=2d3e12&_nc_ohc=3Fz2WR_ktWkQ7kNvgHIH6ZZ&_nc_zt=24&_nc_ht=scontent-dfw5-1.xx&_nc_gid=AqAmtRIPbOwPkctM4Ivm_zj&oh=00_AYGQHn7EincqdpYBKuKUS41Ww8OW1OQEZTmGeg4xot0F0Q&oe=67D36686","thongtinchinhphu",,false,,"928552012642913",,27050,,,"https://scontent-dfw5-1.xx.fbcdn.net/v/t39.30808-6/453486519_928551189309662_5175339672571555861_n.jpg?stp=dst-jpg_p526x296_tt6&_nc_cat=105&ccb=1-7&_nc_sid=127cfc&_nc_ohc=iTRmnfv4TekQ7kNvgE6C0Zw&_nc_zt=23&_nc_ht=scontent-dfw5-1.xx&_nc_gid=A0TJN4O7b8i3LGiCrJI1NKP&oh=00_AYGhINMdXW6h_phXONaSLL__nWCMjXBhjU2sijpjQO4Zxg&oe=67D3529C",,,,"Post",,,,,"[{""type"":""Like"",""reaction_count"":24664},{""type"":""Love"",""reaction_count"":1987},{""type"":""Haha"",""reaction_count"":261},{""type"":""Wow"",""reaction_count"":64},{""type"":""Care"",""reaction_count"":59},{""type"":""Sad"",""reaction_count"":10},{""type"":""Angry"",""reaction_count"":5}]",true,,,,"2015-10-01T00:00:00.000Z",,,,"2025-03-09T12:45:29.652Z","{""url"":""https://www.facebook.com/thongtinchinhphu"",""num_of_posts"":500,""end_date"":""09-30-2024"",""start_date"":""""}",,,,
"https://www.facebook.com/thongtinchinhphu/posts/pfbid02V22McjjqsQdNgejwgy1UYFZ1tPwA9iaUVDV959TzC4cEbNe5aQu3FeSkgrKnTbWpl","930072172490897","https://www.facebook.com/thongtinchinhphu","Th√¥ng tin Ch√≠nh ph·ªß","ü§î‚ùì
B·∫°n Ti·∫øn h·ªèi, nƒÉm h·ªçc 2023-2024, b·∫°n c√≥ ƒë∆∞·ª£c ƒë·ªÅ ngh·ªã khen th∆∞·ªüng B·∫±ng khen c·ªßa Th·ªß t∆∞·ªõng Ch√≠nh ph·ªß kh√¥ng?

(Tr∆∞·ªõc ƒë√≥, b·∫°n Ti·∫øn ƒë√£ ƒë∆∞·ª£c B·∫±ng khen c·ªßa Ch·ªß t·ªãch UBND t·ªânh nƒÉm h·ªçc 2021-2022)","2024-08-02T03:39:49.000Z",,75,22,"{""type"":""Like"",""num"":2773}","Th√¥ng tin Ch√≠nh ph·ªß","100064643681682","C·∫≠p nh·∫≠t t·ªõi ƒë·ªìng b√†o v·ªÅ ho·∫°t ƒë·ªông, ch·ªâ ƒë·∫°o ƒëi·ªÅu h√†nh c·ªßa Ch√≠nh ph·ªß, Th·ªß t∆∞·ªõng Ch√≠nh ph·ªß v√† c√°c th√¥ng tin quan tr·ªçng kh√°c","Government organization","https://scontent-dfw5-1.xx.fbcdn.net/v/t39.30808-1/452958737_925975866233861_1316250170357088183_n.jpg?stp=dst-jpg_s200x200_tt6&_nc_cat=1&ccb=1-7&_nc_sid=2d3e12&_nc_ohc=3Fz2WR_ktWkQ7kNvgHIH6ZZ&_nc_zt=24&_nc_ht=scontent-dfw5-1.xx&_nc_gid=AqAmtRIPbOwPkctM4Ivm_zj&oh=00_AYGQHn7EincqdpYBKuKUS41Ww8OW1OQEZTmGeg4xot0F0Q&oe=67D36686",,,6200000,false,,,,,,,"https://www.facebook.com/thongtinchinhphu","https://scontent-dfw5-1.xx.fbcdn.net/v/t39.30808-6/459177468_957930123038435_2430169465116552305_n.jpg?stp=dst-jpg_s960x960_tt6&_nc_cat=111&ccb=1-7&_nc_sid=cc71e4&_nc_ohc=t51uFdKKVqQQ7kNvgESLB2-&_nc_zt=23&_nc_ht=scontent-dfw5-1.xx&_nc_gid=AqAmtRIPbOwPkctM4Ivm_zj&oh=00_AYGLNiHcD2JX1lh56XZvJWJVTYmA9JudgqCAJI-AE_cu0w&oe=67D349B7","https://scontent-dfw5-1.xx.fbcdn.net/v/t39.30808-1/452958737_925975866233861_1316250170357088183_n.jpg?stp=dst-jpg_s200x200_tt6&_nc_cat=1&ccb=1-7&_nc_sid=2d3e12&_nc_ohc=3Fz2WR_ktWkQ7kNvgHIH6ZZ&_nc_zt=24&_nc_ht=scontent-dfw5-1.xx&_nc_gid=AqAmtRIPbOwPkctM4Ivm_zj&oh=00_AYGQHn7EincqdpYBKuKUS41Ww8OW1OQEZTmGeg4xot0F0Q&oe=67D36686","thongtinchinhphu",,false,,"930072172490897",,3513,,,,,,,"Post",,,,,"[{""type"":""Like"",""reaction_count"":2773},{""type"":""Haha"",""reaction_count"":661},{""type"":""Love"",""reaction_count"":46},{""type"":""Wow"",""reaction_count"":21},{""type"":""Sad"",""reaction_count"":8},{""type"":""Care"",""reaction_count"":3},{""type"":""Angry"",""reaction_count"":1}]",true,,,,"2015-10-01T00:00:00.000Z",,,,"2025-03-09T12:45:29.652Z","{""url"":""https://www.facebook.com/thongtinchinhphu"",""num_of_posts"":500,""end_date"":""09-30-2024"",""start_date"":""""}",,,,
"https://www.facebook.com/thongtinchinhphu/posts/pfbid0Sgc2QemU86JbDpcE5f44Uuq5dWZkVMrQcYKXP6cBs1TbLAnrJPkKvGZ8UGRdngwxl","928383975993050","https://www.facebook.com/thongtinchinhphu","Th√¥ng tin Ch√≠nh ph·ªß","‚úçüë©‚Äçüéì H∆°n 733.000 th√≠ sinh ƒëƒÉng k√Ω x√©t tuy·ªÉn tr√™n H·ªá th·ªëng c·ªßa B·ªô GDƒêT","2024-07-30T12:29:11.000Z",,2,22,"{""type"":""Like"",""num"":1348}","Th√¥ng tin Ch√≠nh ph·ªß","100064643681682","C·∫≠p nh·∫≠t t·ªõi ƒë·ªìng b√†o v·ªÅ ho·∫°t ƒë·ªông, ch·ªâ ƒë·∫°o ƒëi·ªÅu h√†nh c·ªßa Ch√≠nh ph·ªß, Th·ªß t∆∞·ªõng Ch√≠nh ph·ªß v√† c√°c th√¥ng tin quan tr·ªçng kh√°c","Government organization","https://scontent-dfw5-1.xx.fbcdn.net/v/t39.30808-1/452958737_925975866233861_1316250170357088183_n.jpg?stp=dst-jpg_s200x200_tt6&_nc_cat=1&ccb=1-7&_nc_sid=2d3e12&_nc_ohc=3Fz2WR_ktWkQ7kNvgHIH6ZZ&_nc_zt=24&_nc_ht=scontent-dfw5-1.xx&_nc_gid=AqAmtRIPbOwPkctM4Ivm_zj&oh=00_AYGQHn7EincqdpYBKuKUS41Ww8OW1OQEZTmGeg4xot0F0Q&oe=67D36686",,,6200000,false,,"[{""id"":""928383899326391"",""type"":""Photo"",""url"":""https://scontent-dfw5-1.xx.fbcdn.net/v/t39.30808-6/453263572_928383895993058_3604886364446844332_n.jpg?stp=dst-jpg_s720x720_tt6&_nc_cat=105&ccb=1-7&_nc_sid=127cfc&_nc_ohc=W-z7-nOhwMwQ7kNvgHoZz_-&_nc_zt=23&_nc_ht=scontent-dfw5-1.xx&_nc_gid=A0TJN4O7b8i3LGiCrJI1NKP&oh=00_AYG93MOl_NZKbeAb26OgZQYFckNKrf9Qrg0ChjxzA2plbA&oe=67D3650C"",""video_url"":null}]",,,,,"https://www.facebook.com/thongtinchinhphu","https://scontent-dfw5-1.xx.fbcdn.net/v/t39.30808-6/459177468_957930123038435_2430169465116552305_n.jpg?stp=dst-jpg_s960x960_tt6&_nc_cat=111&ccb=1-7&_nc_sid=cc71e4&_nc_ohc=t51uFdKKVqQQ7kNvgESLB2-&_nc_zt=23&_nc_ht=scontent-dfw5-1.xx&_nc_gid=AqAmtRIPbOwPkctM4Ivm_zj&oh=00_AYGLNiHcD2JX1lh56XZvJWJVTYmA9JudgqCAJI-AE_cu0w&oe=67D349B7","https://scontent-dfw5-1.xx.fbcdn.net/v/t39.30808-1/452958737_925975866233861_1316250170357088183_n.jpg?stp=dst-jpg_s200x200_tt6&_nc_cat=1&ccb=1-7&_nc_sid=2d3e12&_nc_ohc=3Fz2WR_ktWkQ7kNvgHIH6ZZ&_nc_zt=24&_nc_ht=scontent-dfw5-1.xx&_nc_gid=AqAmtRIPbOwPkctM4Ivm_zj&oh=00_AYGQHn7EincqdpYBKuKUS41Ww8OW1OQEZTmGeg4xot0F0Q&oe=67D36686","thongtinchinhphu",,false,,"928383975993050",,1467,,,"https://scontent-dfw5-1.xx.fbcdn.net/v/t39.30808-6/453263572_928383895993058_3604886364446844332_n.jpg?stp=dst-jpg_s720x720_tt6&_nc_cat=105&ccb=1-7&_nc_sid=127cfc&_nc_ohc=W-z7-nOhwMwQ7kNvgHoZz_-&_nc_zt=23&_nc_ht=scontent-dfw5-1.xx&_nc_gid=A0TJN4O7b8i3LGiCrJI1NKP&oh=00_AYG93MOl_NZKbeAb26OgZQYFckNKrf9Qrg0ChjxzA2plbA&oe=67D3650C",,,,"Post",,,,,"[{""type"":""Like"",""reaction_count"":1348},{""type"":""Love"",""reaction_count"":106},{""type"":""Care"",""reaction_count"":8},{""type"":""Wow"",""reaction_count"":3},{""type"":""Sad"",""reaction_count"":2}]",true,,,,"2015-10-01T00:00:00.000Z",,,,"2025-03-09T12:45:29.652Z","{""url"":""https://www.facebook.com/thongtinchinhphu"",""num_of_posts"":500,""end_date"":""09-30-2024"",""start_date"":""""}",,,,
"https://www.facebook.com/thongtinchinhphu/posts/pfbid0UTGAFADcngSAK8DJMwhrsGckpGGLtVYxJThWFBV4wXVC6RyYMdHroXvsxeKCjmYbl","930182212479893","https://www.facebook.com/thongtinchinhphu","Th√¥ng tin Ch√≠nh ph·ªß","‚õΩüõ¢
""ƒê·ªëi v·ªõi Vi·ªát Nam n·∫øu c√≥ s·ª± giao d·ªãch xƒÉng d·∫ßu tr√™n S√†n giao d·ªãch s·∫Ω t·∫°o ra th·ªã tr∆∞·ªùng xƒÉng d·∫ßu ho·∫°t ƒë·ªông m·ªôt c√°ch c√¥ng khai, minh b·∫°ch""

---
Chuy√™n gia kinh t·∫ø nh·∫≠n ƒë·ªãnh t·∫°i T·ªça ƒë√†m ""ƒê·ªÉ th·ªã tr∆∞·ªùng xƒÉng d·∫ßu ph√°t tri·ªÉn ·ªïn ƒë·ªãnh, minh b·∫°ch v√† hi·ªáu qu·∫£""","2024-08-02T08:02:20.000Z",,1,22,"{""type"":""Like"",""num"":1543}","Th√¥ng tin Ch√≠nh ph·ªß","100064643681682","C·∫≠p nh·∫≠t t·ªõi ƒë·ªìng b√†o v·ªÅ ho·∫°t ƒë·ªông, ch·ªâ ƒë·∫°o ƒëi·ªÅu h√†nh c·ªßa Ch√≠nh ph·ªß, Th·ªß t∆∞·ªõng Ch√≠nh ph·ªß v√† c√°c th√¥ng tin quan tr·ªçng kh√°c","Government organization","https://scontent-dfw5-1.xx.fbcdn.net/v/t39.30808-1/452958737_925975866233861_1316250170357088183_n.jpg?stp=dst-jpg_s200x200_tt6&_nc_cat=1&ccb=1-7&_nc_sid=2d3e12&_nc_ohc=3Fz2WR_ktWkQ7kNvgHIH6ZZ&_nc_zt=24&_nc_ht=scontent-dfw5-1.xx&_nc_gid=AqAmtRIPbOwPkctM4Ivm_zj&oh=00_AYGQHn7EincqdpYBKuKUS41Ww8OW1OQEZTmGeg4xot0F0Q&oe=67D36686",,,6200000,false,,,,,,,"https://www.facebook.com/thongtinchinhphu","https://scontent-dfw5-1.xx.fbcdn.net/v/t39.30808-6/459177468_957930123038435_2430169465116552305_n.jpg?stp=dst-jpg_s960x960_tt6&_nc_cat=111&ccb=1-7&_nc_sid=cc71e4&_nc_ohc=t51uFdKKVqQQ7kNvgESLB2-&_nc_zt=23&_nc_ht=scontent-dfw5-1.xx&_nc_gid=AqAmtRIPbOwPkctM4Ivm_zj&oh=00_AYGLNiHcD2JX1lh56XZvJWJVTYmA9JudgqCAJI-AE_cu0w&oe=67D349B7","https://scontent-dfw5-1.xx.fbcdn.net/v/t39.30808-1/452958737_925975866233861_1316250170357088183_n.jpg?stp=dst-jpg_s200x200_tt6&_nc_cat=1&ccb=1-7&_nc_sid=2d3e12&_nc_ohc=3Fz2WR_ktWkQ7kNvgHIH6ZZ&_nc_zt=24&_nc_ht=scontent-dfw5-1.xx&_nc_gid=AqAmtRIPbOwPkctM4Ivm_zj&oh=00_AYGQHn7EincqdpYBKuKUS41Ww8OW1OQEZTmGeg4xot0F0Q&oe=67D36686","thongtinchinhphu",,false,,"930182212479893",,1588,,,,,,,"Post",,,,,"[{""type"":""Like"",""reaction_count"":1543},{""type"":""Love"",""reaction_count"":32},{""type"":""Haha"",""reaction_count"":6},{""type"":""Care"",""reaction_count"":4},{""type"":""Wow"",""reaction_count"":2},{""type"":""Angry"",""reaction_count"":1}]",true,,,,"2015-10-01T00:00:00.000Z",,,,"2025-03-09T12:45:29.652Z","{""url"":""https://www.facebook.com/thongtinchinhphu"",""num_of_posts"":500,""end_date"":""09-30-2024"",""start_date"":""""}",,,,
"https://www.facebook.com/thongtinchinhphu/posts/pfbid0MueXcgm1mxYjfw2m67vMLQFVYb92PNN1yw79fens7CPD8UqUaPKZ64Y4K5S5gcZAl","928490652649049","https://www.facebook.com/thongtinchinhphu","Th√¥ng tin Ch√≠nh ph·ªß","üá™üá∫ü§ùüáªüá≥ Ch·ªß t·ªãch n∆∞·ªõc T√¥ L√¢m c·∫£m ∆°n  Ph√≥ Ch·ªß t·ªãch ·ª¶y ban Ch√¢u √Çu (EC), ƒê·∫°i di·ªán c·∫•p cao c·ªßa Li√™n minh Ch√¢u √Çu (EU) v·ªÅ Ch√≠nh s√°ch ƒë·ªëi ngo·∫°i v√† an ninh, √¥ng Josep Borrell Fontelles ƒë√£ ƒë·∫øn d·ª± L·ªÖ qu·ªëc tang T·ªïng B√≠ th∆∞ Nguy·ªÖn Ph√∫ Tr·ªçng, th·ªÉ hi·ªán s·ª± coi tr·ªçng c·ªßa EU ƒë·ªëi v·ªõi nh·ªØng c√¥ng lao to l·ªõn c·ªßa T·ªïng B√≠ th∆∞ ƒë·ªëi v·ªõi vi·ªác th√∫c ƒë·∫©y quan h·ªá Vi·ªát Nam - EU th·ªùi gian qua.

Ch·ªß t·ªãch n∆∞·ªõc ch√∫c m·ª´ng EU ƒë√£ b·∫ßu Ban l√£nh ƒë·∫°o m·ªõi, b√†y t·ªè tin t∆∞·ªüng chuy·∫øn thƒÉm c·ªßa √¥ng Josep Borrell s·∫Ω t·∫°o ƒë√† quan tr·ªçng th√∫c ƒë·∫©y m·∫°nh m·∫Ω quan h·ªá Vi·ªát Nam - EU, ƒë√°nh gi√° cao nh·ªØng ƒë√≥ng g√≥p c·ªßa √¥ng cho quan h·ªá hai b√™n trong th·ªùi gian l√† Ch·ªß t·ªãch Ngh·ªã vi·ªán ch√¢u √Çu nhi·ªám k·ª≥ 2004 - 2007.

Kh·∫≥ng ƒë·ªãnh EU l√† ƒë·ªëi t√°c r·∫•t quan tr·ªçng c·ªßa Vi·ªát Nam, Ch·ªß t·ªãch n∆∞·ªõc b√†y t·ªè h√†i l√≤ng nh·∫≠n th·∫•y quan h·ªá gi·ªØa Vi·ªát Nam v·ªõi EU th·ªùi gian qua ph√°t tri·ªÉn t√≠ch c·ª±c, th·ªÉ hi·ªán qua vi·ªác hai b√™n tƒÉng c∆∞·ªùng trao ƒë·ªïi ƒëo√†n, ti·∫øp x√∫c c·∫•p cao; tri·ªÉn khai hi·ªáu qu·∫£ nhi·ªÅu th·ªèa thu·∫≠n v√† c∆° ch·∫ø h·ª£p t√°c, ƒë·ªëi tho·∫°i. 

Hi·ªáp ƒë·ªãnh Th∆∞∆°ng m·∫°i t·ª± do Vi·ªát Nam - EU (EVFTA) sau 4 nƒÉm th·ª±c thi ƒë√£ t·∫°o s·ª©c b·∫≠t m·ªõi cho th∆∞∆°ng m·∫°i - ƒë·∫ßu t∆∞, ƒë∆∞a Vi·ªát Nam tr·ªü th√†nh ƒë·ªëi t√°c th∆∞∆°ng m·∫°i l·ªõn nh·∫•t c·ªßa EU trong s·ªë c√°c n∆∞·ªõc ASEAN. H·ª£p t√°c du l·ªãch, gi√°o d·ª•c - ƒë√†o t·∫°o, vƒÉn h√≥a - ngh·ªá thu·∫≠t v√† giao l∆∞u nh√¢n d√¢n c≈©ng r·∫•t s√¥i ƒë·ªông, g√≥p ph·∫ßn tƒÉng c∆∞·ªùng s·ª± hi·ªÉu bi·∫øt l·∫´n nhau, qua ƒë√≥ th√∫c ƒë·∫©y h·ª£p t√°c tr√™n c√°c lƒ©nh v·ª±c kh√°c.

Ch·ªß t·ªãch n∆∞·ªõc ƒë·ªÅ ngh·ªã hai b√™n ti·∫øp t·ª•c ƒë·∫©y m·∫°nh trao ƒë·ªïi ƒëo√†n, nh·∫•t l√† c·∫•p cao; tri·ªÉn khai hi·ªáu qu·∫£ Hi·ªáp ƒë·ªãnh ƒê·ªëi t√°c v√† H·ª£p t√°c to√†n di·ªán Vi·ªát Nam - EU (PCA), Hi·ªáp ƒë·ªãnh EVFTA c≈©ng nh∆∞ c√°c th·ªèa thu·∫≠n, c∆° ch·∫ø h·ª£p t√°c kh√°c. 

Ch·ªß t·ªãch n∆∞·ªõc c≈©ng ƒë·ªÅ ngh·ªã EU th√∫c ƒë·∫©y c√°c n∆∞·ªõc th√†nh vi√™n c√≤n l·∫°i s·ªõm ph√™ chu·∫©n Hi·ªáp ƒë·ªãnh B·∫£o h·ªô ƒë·∫ßu t∆∞ Vi·ªát Nam - EU (EVIPA); s·ªõm g·ª° b·ªè ‚Äúth·∫ª v√†ng‚Äù ƒë·ªëi v·ªõi xu·∫•t kh·∫©u h·∫£i s·∫£n c·ªßa Vi·ªát Nam tr√™n c∆° s·ªü ghi nh·∫≠n nh·ªØng n·ªó l·ª±c v√† k·∫øt qu·∫£ ƒë·∫°t ƒë∆∞·ª£c c·ªßa Vi·ªát Nam trong ph√≤ng, ch·ªëng khai th√°c h·∫£i s·∫£n tr√°i ph√©p, kh√¥ng khai b√°o v√† kh√¥ng ƒë√∫ng quy ƒë·ªãnh (IUU); ti·∫øp t·ª•c duy tr√¨ ODA cho Vi·ªát Nam, h·ªó tr·ª£ Vi·ªát Nam tri·ªÉn khai hi·ªáu qu·∫£ ƒê·ªëi t√°c chuy·ªÉn ƒë·ªïi nƒÉng l∆∞·ª£ng c√¥ng b·∫±ng (JETP); tƒÉng c∆∞·ªùng h·ª£p t√°c v·ªÅ an ninh m·∫°ng, an ninh bi·ªÉn, ph√≤ng, ch·ªëng thi√™n tai, kh·ªßng ho·∫£ng, ph√≤ng, ch·ªëng t·ªôi ph·∫°m.

Hoan ngh√™nh c√°c chi·∫øn l∆∞·ª£c, s√°ng ki·∫øn h·ª£p t√°c v·ªõi khu v·ª±c ·∫§n ƒê·ªô D∆∞∆°ng - Th√°i B√¨nh D∆∞∆°ng c·ªßa EU, Ch·ªß t·ªãch n∆∞·ªõc kh·∫≥ng ƒë·ªãnh Vi·ªát Nam s·∫µn s√†ng l√†m c·∫ßu n·ªëi c·ªßa EU v·ªõi khu v·ª±c, trong ƒë√≥ c√≥ vi·ªác tƒÉng c∆∞·ªùng quan h·ªá ƒê·ªëi t√°c chi·∫øn l∆∞·ª£c ASEAN - EU.

ƒê·∫°i di·ªán c·∫•p cao ch√∫c m·ª´ng Ch·ªß t·ªãch n∆∞·ªõc T√¥ L√¢m ƒë∆∞·ª£c Qu·ªëc h·ªôi Vi·ªát Nam b·∫ßu gi·ªØ ch·ª©c Ch·ªß t·ªãch n∆∞·ªõc; b√†y t·ªè ·∫•n t∆∞·ª£ng tr∆∞·ªõc nh·ªØng th√†nh t·ª±u ƒê·ªïi m·ªõi c·ªßa Vi·ªát Nam; ƒë√°nh gi√° cao Vi·ªát Nam c√≥ ch√≠nh s√°ch ƒë·ªëi ngo·∫°i c√¢n b·∫±ng, ·ªßng h·ªô c√°c m·ª•c ti√™u ph√°t tri·ªÉn c·ªßa Vi·ªát Nam tr·ªü th√†nh n∆∞·ªõc ph√°t tri·ªÉn, thu nh·∫≠p cao v√†o nƒÉm 2045 v√† trung h√≤a c√°c-bon v√†o nƒÉm 2050. 

Kh·∫≥ng ƒë·ªãnh EU coi Vi·ªát Nam l√† ƒë·ªëi t√°c h√†ng ƒë·∫ßu t·∫°i khu v·ª±c, m·ªôt trong nh·ªØng ch·ªß th·ªÉ quan tr·ªçng c·ªßa quan h·ªá qu·ªëc t·∫ø hi·ªán t·∫°i v√† trong t∆∞∆°ng lai, √¥ng Borell cho bi·∫øt EU ƒëang tri·ªÉn khai m·∫°nh m·∫Ω m·ªôt s·ªë chi·∫øn l∆∞·ª£c, s√°ng ki·∫øn h·ª£p t√°c, trong ƒë√≥ c√≥ c√°c d·ª± √°n h·ª£p t√°c v·ªõi ASEAN v√† t·∫°i Vi·ªát Nam trong khu√¥n kh·ªï S√°ng ki·∫øn C·ª≠a ng√µ To√†n c·∫ßu c·ªßa EU, mong mu·ªën n√¢ng c·∫•p quan h·ªá Vi·ªát Nam - EU l√™n t·∫ßm cao m·ªõi.

Th√¥ng tin v·ªÅ t√¨nh h√¨nh Vi·ªát Nam, Ch·ªß t·ªãch n∆∞·ªõc nh·∫•n m·∫°nh nh·ªØng th√†nh t·ª±u kinh t·∫ø - x√£ h·ªôi c·ªßa Vi·ªát Nam l√† ph·ª•c v·ª• ng∆∞·ªùi d√¢n; kh·∫≥ng ƒë·ªãnh Nh√† n∆∞·ªõc Vi·ªát Nam coi con ng∆∞·ªùi l√† trung t√¢m, ƒë·ªông l·ª±c ph√°t tri·ªÉn kinh t·∫ø - x√£ h·ªôi b·ªÅn v·ªØng; ch√≠nh quy·ªÅn l√† c·ªßa d√¢n, do d√¢n v√† v√¨ d√¢n; m·ªçi ng∆∞·ªùi d√¢n ·ªü Vi·ªát Nam ƒë∆∞·ª£c b·∫£o ƒë·∫£m quy·ªÅn t·ª± do t√¥n gi√°o, t√≠n ng∆∞·ª°ng v√† kh√¥ng t√¥n gi√°o, t√≠n ng∆∞·ª°ng, ƒë∆∞·ª£c ti·∫øp c·∫≠n r·ªông r√£i Internet, m·∫°ng x√£ h·ªôi‚Ä¶

Nh·∫•t tr√≠ v·ªõi c√°c ƒë√°nh gi√° v√† ƒë·ªÅ ngh·ªã c·ªßa Ch·ªß t·ªãch n∆∞·ªõc T√¥ L√¢m, √¥ng Josep Borrell b√†y t·ªè tin t∆∞·ªüng, d∆∞·ªõi s·ª± quan t√¢m ch·ªâ ƒë·∫°o c·ªßa Ch·ªß t·ªãch n∆∞·ªõc, quan h·ªá Vi·ªát Nam - EU s·∫Ω ng√†y c√†ng ph√°t tri·ªÉn m·∫°nh m·∫Ω, s√¢u r·ªông, v√¨ l·ª£i √≠ch c·ªßa c·∫£ hai b√™n.

Trao ƒë·ªïi c√°c v·∫•n ƒë·ªÅ qu·ªëc t·∫ø v√† khu v·ª±c, hai b√™n nh·∫•t tr√≠ c√°c qu·ªëc gia c·∫ßn c√≥ tr√°ch nhi·ªám ƒë√≥ng g√≥p v√†o an ninh v√† ph√°t tri·ªÉn ·ªü khu v·ª±c v√† tr√™n th·∫ø gi·ªõi; c√°c cu·ªôc xung ƒë·ªôt c·∫ßn ƒë∆∞·ª£c gi·∫£i quy·∫øt b·∫±ng c√°c bi·ªán ph√°p h√≤a b√¨nh tr√™n c∆° s·ªü lu·∫≠t ph√°p qu·ªëc t·∫ø v√† Hi·∫øn ch∆∞∆°ng LHQ. V·ªÅ v·∫•n ƒë·ªÅ Bi·ªÉn ƒê√¥ng, ƒê·∫°i di·ªán c·∫•p cao EU nh·∫•n m·∫°nh vai tr√≤ quan tr·ªçng c·ªßa Bi·ªÉn ƒê√¥ng trong th∆∞∆°ng m·∫°i qu·ªëc t·∫ø; hai b√™n kh·∫≥ng ƒë·ªãnh ti·∫øp t·ª•c ·ªßng h·ªô b·∫£o ƒë·∫£m an ninh, an to√†n v√† t·ª± do h√†ng h·∫£i v√† h√†ng kh√¥ng, gi·∫£i quy·∫øt c√°c tranh ch·∫•p tr√™n Bi·ªÉn ƒê√¥ng b·∫±ng bi·ªán ph√°p h√≤a b√¨nh, ph√π h·ª£p v·ªõi lu·∫≠t ph√°p qu·ªëc t·∫ø, ƒë·∫∑c bi·ªát l√† UNCLOS 1982, g√≥p ph·∫ßn c·ªßng c·ªë h√≤a b√¨nh, ·ªïn ƒë·ªãnh v√† th·ªãnh v∆∞·ª£ng c·ªßa khu v·ª±c.

---
‚úçÔ∏èüì∏ VPCTN","2024-07-30T15:46:39.000Z",,0,50,"{""type"":""Like"",""num"":3246}","Th√¥ng tin Ch√≠nh ph·ªß","100064643681682","C·∫≠p nh·∫≠t t·ªõi ƒë·ªìng b√†o v·ªÅ ho·∫°t ƒë·ªông, ch·ªâ ƒë·∫°o ƒëi·ªÅu h√†nh c·ªßa Ch√≠nh ph·ªß, Th·ªß t∆∞·ªõng Ch√≠nh ph·ªß v√† c√°c th√¥ng tin quan tr·ªçng kh√°c","Government organization","https://scontent-dfw5-1.xx.fbcdn.net/v/t39.30808-1/452958737_925975866233861_1316250170357088183_n.jpg?stp=dst-jpg_s200x200_tt6&_nc_cat=1&ccb=1-7&_nc_sid=2d3e12&_nc_ohc=3Fz2WR_ktWkQ7kNvgHIH6ZZ&_nc_zt=24&_nc_ht=scontent-dfw5-1.xx&_nc_gid=AqAmtRIPbOwPkctM4Ivm_zj&oh=00_AYGQHn7EincqdpYBKuKUS41Ww8OW1OQEZTmGeg4xot0F0Q&oe=67D36686",,,6200000,false,,"[{""id"":""928490262649088"",""type"":""Photo"",""url"":""https://scontent-dfw5-2.xx.fbcdn.net/v/t39.30808-6/453182938_928490259315755_479076083180476821_n.jpg?_nc_cat=109&ccb=1-7&_nc_sid=127cfc&_nc_ohc=rSCILOTj3lAQ7kNvgGgbHbU&_nc_zt=23&_nc_ht=scontent-dfw5-2.xx&_nc_gid=A_rjwaaKbfplo0wBsZtXCPA&oh=00_AYG4CfCLwjFeckQc9ZOaNEi5-l_mqkGbjkjgh0DmGQO-fg&oe=67D37891"",""attachment_url"":""https://www.facebook.com/photo.php?fbid=928490262649088&set=a.249070910591030&type=3"",""video_url"":null},{""id"":""928490555982392"",""type"":""Photo"",""url"":""https://scontent-dfw5-2.xx.fbcdn.net/v/t39.30808-6/453292539_928490552649059_3206097213386133637_n.jpg?_nc_cat=108&ccb=1-7&_nc_sid=127cfc&_nc_ohc=-orVzSwokV0Q7kNvgGKMpl-&_nc_zt=23&_nc_ht=scontent-dfw5-2.xx&_nc_gid=A_rjwaaKbfplo0wBsZtXCPA&oh=00_AYFP4VbHawpMDvc8ug-tssuhzOdBJFcriJcJRiI33IfygQ&oe=67D37855"",""attachment_url"":""https://www.facebook.com/photo.php?fbid=928490555982392&set=a.249070910591030&type=3"",""video_url"":null},{""id"":""928488219315959"",""type"":""Photo"",""url"":""https://scontent-dfw5-2.xx.fbcdn.net/v/t39.30808-6/453536190_928488215982626_7137329799987359205_n.jpg?_nc_cat=102&ccb=1-7&_nc_sid=127cfc&_nc_ohc=uIro2wLf00EQ7kNvgFYZQiC&_nc_zt=23&_nc_ht=scontent-dfw5-2.xx&_nc_gid=A_rjwaaKbfplo0wBsZtXCPA&oh=00_AYFeIluOyyYuAJaqPXR7041U55_ew5qc5Gs9tReLabNZ7w&oe=67D34DC5"",""attachment_url"":""https://www.facebook.com/photo.php?fbid=928488219315959&set=a.249070910591030&type=3"",""video_url"":null}]",,,,,"https://www.facebook.com/thongtinchinhphu","https://scontent-dfw5-1.xx.fbcdn.net/v/t39.30808-6/459177468_957930123038435_2430169465116552305_n.jpg?stp=dst-jpg_s960x960_tt6&_nc_cat=111&ccb=1-7&_nc_sid=cc71e4&_nc_ohc=t51uFdKKVqQQ7kNvgESLB2-&_nc_zt=23&_nc_ht=scontent-dfw5-1.xx&_nc_gid=AqAmtRIPbOwPkctM4Ivm_zj&oh=00_AYGLNiHcD2JX1lh56XZvJWJVTYmA9JudgqCAJI-AE_cu0w&oe=67D349B7","https://scontent-dfw5-1.xx.fbcdn.net/v/t39.30808-1/452958737_925975866233861_1316250170357088183_n.jpg?stp=dst-jpg_s200x200_tt6&_nc_cat=1&ccb=1-7&_nc_sid=2d3e12&_nc_ohc=3Fz2WR_ktWkQ7kNvgHIH6ZZ&_nc_zt=24&_nc_ht=scontent-dfw5-1.xx&_nc_gid=AqAmtRIPbOwPkctM4Ivm_zj&oh=00_AYGQHn7EincqdpYBKuKUS41Ww8OW1OQEZTmGeg4xot0F0Q&oe=67D36686","thongtinchinhphu",,false,,"928490652649049",,3660,,,"https://scontent-dfw5-2.xx.fbcdn.net/v/t39.30808-6/453182938_928490259315755_479076083180476821_n.jpg?_nc_cat=109&ccb=1-7&_nc_sid=127cfc&_nc_ohc=rSCILOTj3lAQ7kNvgGgbHbU&_nc_zt=23&_nc_ht=scontent-dfw5-2.xx&_nc_gid=A_rjwaaKbfplo0wBsZtXCPA&oh=00_AYG4CfCLwjFeckQc9ZOaNEi5-l_mqkGbjkjgh0DmGQO-fg&oe=67D37891",,,,"Post",,,,,"[{""type"":""Like"",""reaction_count"":3246},{""type"":""Love"",""reaction_count"":393},{""type"":""Care"",""reaction_count"":15},{""type"":""Wow"",""reaction_count"":3},{""type"":""Haha"",""reaction_count"":2},{""type"":""Sad"",""reaction_count"":1}]",true,,,,"2015-10-01T00:00:00.000Z",,,,"2025-03-09T12:45:29.652Z","{""url"":""https://www.facebook.com/thongtinchinhphu"",""num_of_posts"":500,""end_date"":""09-30-2024"",""start_date"":""""}",,,,
"https://www.facebook.com/thongtinchinhphu/posts/pfbid0uKpRiCWfd58GHgtk9PupVM3xDMqrgTPiJiCHcykXKdvBUu19VY4tfkUdYk1PbF4il","928498162648298","https://www.facebook.com/thongtinchinhphu","Th√¥ng tin Ch√≠nh ph·ªß","üî•‚ö†Ô∏èüî•
6 th√°ng ƒë·∫ßu nƒÉm 2024, l·ª±c l∆∞·ª£ng ch·ª©c nƒÉng ƒë√£ ph√°t hi·ªán, ƒë·∫•u tranh 50 v·ª• mua b√°n ng∆∞·ªùi v·ªõi 126 n·∫°n nh√¢n; mua b√°n tr·∫ª em 48 v·ª• v·ªõi 121 n·∫°n nh√¢n.

T·ªôi ph·∫°m l·ª£i d·ª•ng k·∫Ω h·ªü c·ªßa ph√°p lu·∫≠t trong t∆∞ v·∫•n, m√¥i gi·ªõi h√¥n nh√¢n v·ªõi ng∆∞·ªùi n∆∞·ªõc ngo√†i, du l·ªãch, thƒÉm th√¢n ho·∫∑c l·ª£i d·ª•ng m·∫°ng x√£ h·ªôi, k·∫øt n·ªëi, t∆∞∆°ng t√°c ng∆∞·ªùi d√πng, ch·∫ø ƒë·ªô ·∫©n danh b·∫£o m·∫≠t th√¥ng tin ng∆∞·ªùi g·ª≠i, ti·∫øp c·∫≠n n·∫°n nh√¢n qua c√°c m·∫°ng x√£ h·ªôi ƒë·ªÉ d·ª• d·ªó, l·ª´a g·∫°t!","2024-07-30T16:01:08.000Z",,5,55,"{""type"":""Like"",""num"":1286}","Th√¥ng tin Ch√≠nh ph·ªß","100064643681682","C·∫≠p nh·∫≠t t·ªõi ƒë·ªìng b√†o v·ªÅ ho·∫°t ƒë·ªông, ch·ªâ ƒë·∫°o ƒëi·ªÅu h√†nh c·ªßa Ch√≠nh ph·ªß, Th·ªß t∆∞·ªõng Ch√≠nh ph·ªß v√† c√°c th√¥ng tin quan tr·ªçng kh√°c","Government organization","https://scontent-dfw5-1.xx.fbcdn.net/v/t39.30808-1/452958737_925975866233861_1316250170357088183_n.jpg?stp=dst-jpg_s200x200_tt6&_nc_cat=1&ccb=1-7&_nc_sid=2d3e12&_nc_ohc=3Fz2WR_ktWkQ7kNvgHIH6ZZ&_nc_zt=24&_nc_ht=scontent-dfw5-1.xx&_nc_gid=AqAmtRIPbOwPkctM4Ivm_zj&oh=00_AYGQHn7EincqdpYBKuKUS41Ww8OW1OQEZTmGeg4xot0F0Q&oe=67D36686",,,6200000,false,,,,,,,"https://www.facebook.com/thongtinchinhphu","https://scontent-dfw5-1.xx.fbcdn.net/v/t39.30808-6/459177468_957930123038435_2430169465116552305_n.jpg?stp=dst-jpg_s960x960_tt6&_nc_cat=111&ccb=1-7&_nc_sid=cc71e4&_nc_ohc=t51uFdKKVqQQ7kNvgESLB2-&_nc_zt=23&_nc_ht=scontent-dfw5-1.xx&_nc_gid=AqAmtRIPbOwPkctM4Ivm_zj&oh=00_AYGLNiHcD2JX1lh56XZvJWJVTYmA9JudgqCAJI-AE_cu0w&oe=67D349B7","https://scontent-dfw5-1.xx.fbcdn.net/v/t39.30808-1/452958737_925975866233861_1316250170357088183_n.jpg?stp=dst-jpg_s200x200_tt6&_nc_cat=1&ccb=1-7&_nc_sid=2d3e12&_nc_ohc=3Fz2WR_ktWkQ7kNvgHIH6ZZ&_nc_zt=24&_nc_ht=scontent-dfw5-1.xx&_nc_gid=AqAmtRIPbOwPkctM4Ivm_zj&oh=00_AYGQHn7EincqdpYBKuKUS41Ww8OW1OQEZTmGeg4xot0F0Q&oe=67D36686","thongtinchinhphu",,false,,"928498162648298",,1398,,,,,,,"Post",,,,,"[{""type"":""Like"",""reaction_count"":1286},{""type"":""Love"",""reaction_count"":84},{""type"":""Care"",""reaction_count"":12},{""type"":""Wow"",""reaction_count"":8},{""type"":""Sad"",""reaction_count"":5},{""type"":""Angry"",""reaction_count"":3}]",true,,,,"2015-10-01T00:00:00.000Z",,,,"2025-03-09T12:45:29.652Z","{""url"":""https://www.facebook.com/thongtinchinhphu"",""num_of_posts"":500,""end_date"":""09-30-2024"",""start_date"":""""}",,,,
,,,,,,,,,,,,,,,,,,,,,,,,,,,,,,,,,,,,,,,,,,,,,,,,,,,,,,,"2025-03-09T13:10:03.702Z","{""url"":""https://www.facebook.com/thongtinchinhphu"",""num_of_posts"":500,""end_date"":""09-30-2024"",""start_date"":""""}",,,"Posts for the specified period were not found","dead_page"
